Time_Step,Exit3_Mean,Exit3_SD,Exit4_Mean,Exit4_SD,Exit_flow3_Mean,Exit_flow3_SD,Exit_flow4_Mean,Exit_flow4_SD
0,0.0,0.0,0.0,0.0,0.0,0.0,0.0,0.0
1,0.0,0.0,0.0,0.0,0.0,0.0,0.0,0.0
2,0.0,0.0,0.0,0.0,0.0,0.0,0.0,0.0
3,0.0,0.0,0.0,0.0,0.0,0.0,0.0,0.0
4,0.0,0.0,0.0,0.0,0.0,0.0,0.0,0.0
5,0.0,0.0,0.0,0.0,0.0,0.0,0.0,0.0
6,0.0,0.0,0.0,0.0,0.0,0.0,0.0,0.0
7,0.0,0.0,0.0,0.0,0.0,0.0,0.0,0.0
8,0.0,0.0,0.0,0.0,0.0,0.0,0.0,0.0
9,0.0,0.0,0.0,0.0,0.0,0.0,0.0,0.0
10,0.0,0.0,0.0,0.0,0.0,0.0,0.0,0.0
11,0.0,0.0,0.0,0.0,0.0,0.0,0.0,0.0
12,0.0,0.0,0.0,0.0,0.0,0.0,0.0,0.0
13,0.0,0.0,0.0,0.0,0.0,0.0,0.0,0.0
14,0.0,0.0,0.0,0.0,0.0,0.0,0.0,0.0
15,0.0,0.0,0.0,0.0,0.0,0.0,0.0,0.0
16,0.0,0.0,0.0,0.0,0.0,0.0,0.0,0.0
17,0.0,0.0,0.0,0.0,0.0,0.0,0.0,0.0
18,0.0,0.0,0.0,0.0,0.0,0.0,0.0,0.0
19,0.0,0.0,0.0,0.0,0.0,0.0,0.0,0.0
20,0.0,0.0,0.0,0.0,0.0,0.0,0.0,0.0
21,0.0,0.0,0.0,0.0,0.0,0.0,0.0,0.0
22,0.0,0.0,0.0,0.0,0.0,0.0,0.0,0.0
23,0.0,0.0,0.0,0.0,0.0,0.0,0.0,0.0
24,0.0,0.0,0.0,0.0,0.0,0.0,0.0,0.0
25,0.0,0.0,0.0,0.0,0.0,0.0,0.0,0.0
26,0.0,0.0,0.0,0.0,0.0,0.0,0.0,0.0
27,0.0,0.0,0.0,0.0,0.0,0.0,0.0,0.0
28,0.0,0.0,0.0,0.0,0.0,0.0,0.0,0.0
29,0.0,0.0,0.0,0.0,0.0,0.0,0.0,0.0
30,0.0,0.0,0.0,0.0,0.0,0.0,0.0,0.0
31,0.0,0.0,0.0,0.0,0.0,0.0,0.0,0.0
32,0.0,0.0,0.0,0.0,0.0,0.0,0.0,0.0
33,0.0,0.0,0.0,0.0,0.0,0.0,0.0,0.0
34,0.0,0.0,0.0,0.0,0.0,0.0,0.0,0.0
35,0.0,0.0,0.0,0.0,0.0,0.0,0.0,0.0
36,0.0,0.0,0.0,0.0,0.0,0.0,0.0,0.0
37,0.0,0.0,0.0,0.0,0.0,0.0,0.0,0.0
38,0.0,0.0,0.0,0.0,0.0,0.0,0.0,0.0
39,0.0,0.0,0.0,0.0,0.0,0.0,0.0,0.0
40,0.0,0.0,0.0,0.0,0.0,0.0,0.0,0.0
41,0.0,0.0,0.0,0.0,0.0,0.0,0.0,0.0
42,0.0,0.0,0.0,0.0,0.0,0.0,0.0,0.0
43,0.0,0.0,0.0,0.0,0.0,0.0,0.0,0.0
44,0.0,0.0,0.0,0.0,0.0,0.0,0.0,0.0
45,0.0,0.0,0.0,0.0,0.0,0.0,0.0,0.0
46,0.0,0.0,0.0,0.0,0.0,0.0,0.0,0.0
47,0.0,0.0,0.0,0.0,0.0,0.0,0.0,0.0
48,0.0,0.0,0.0,0.0,0.0,0.0,0.0,0.0
49,0.0,0.0,0.0,0.0,0.0,0.0,0.0,0.0
50,0.0,0.0,0.0,0.0,0.0,0.0,0.0,0.0
51,0.0,0.0,0.0,0.0,0.0,0.0,0.0,0.0
52,0.0,0.0,0.0,0.0,0.0,0.0,0.0,0.0
53,0.0,0.0,0.0,0.0,0.0,0.0,0.0,0.0
54,0.02,0.1414213562373094,0.0,0.0,0.02,0.1414213562373094,0.0,0.0
55,0.02,0.1414213562373094,0.0,0.0,0.0,0.0,0.0,0.0
56,0.04,0.1979486637221575,0.0,0.0,0.02,0.14142135623730934,0.0,0.0
57,0.06,0.2398979374820953,0.0,0.0,0.02,0.14142135623730945,0.0,0.0
58,0.08,0.27404751561786983,0.0,0.0,0.02,0.14142135623730942,0.0,0.0
59,0.08,0.27404751561786983,0.0,0.0,0.0,0.0,0.0,0.0
60,0.08,0.27404751561786983,0.0,0.0,0.0,0.0,0.0,0.0
61,0.08,0.27404751561786983,0.0,0.0,0.0,0.0,0.0,0.0
62,0.08,0.27404751561786983,0.0,0.0,0.0,0.0,0.0,0.0
63,0.08,0.27404751561786983,0.02,0.14142135623730945,0.0,0.0,0.02,0.14142135623730945
64,0.08,0.27404751561786983,0.04,0.1979486637221575,0.0,0.0,0.02,0.1414213562373094
65,0.1,0.30304576336566297,0.04,0.1979486637221575,0.02,0.14142135623730934,0.0,0.0
66,0.12,0.32826072265931616,0.04,0.1979486637221575,0.02,0.14142135623730936,0.0,0.0
67,0.18,0.43752550946038754,0.06,0.23989793748209529,0.06,0.2398979374820953,0.02,0.14142135623730945
68,0.24,0.4763809143009449,0.08,0.2740475156178698,0.06,0.23989793748209523,0.02,0.14142135623730942
69,0.24,0.4763809143009449,0.12,0.328260722659316,0.0,0.0,0.04,0.1979486637221575
70,0.26,0.5272183453498838,0.14,0.35050983275386544,0.02,0.14142135623730948,0.02,0.1414213562373094
71,0.26,0.5272183453498838,0.18,0.4375255094603876,0.0,0.0,0.04,0.1979486637221575
72,0.28,0.536047515408392,0.2,0.45175395145262537,0.02,0.14142135623730948,0.02,0.14142135623730934
73,0.32,0.5510657577710261,0.26,0.5646020812962717,0.04,0.19794866372215747,0.06,0.23989793748209529
74,0.38,0.602376246923086,0.26,0.5646020812962717,0.06,0.23989793748209529,0.0,0.0
75,0.38,0.602376246923086,0.28,0.5728553615932407,0.0,0.0,0.02,0.14142135623730942
76,0.38,0.602376246923086,0.3,0.5802884574739972,0.0,0.0,0.02,0.14142135623730942
77,0.44,0.6439672954048369,0.34,0.6262945776223708,0.06,0.23989793748209526,0.04,0.19794866372215747
78,0.48,0.6464976285134147,0.42,0.6727949622466641,0.04,0.19794866372215753,0.08,0.3404678653660855
79,0.52,0.6464976285134149,0.48,0.7068181072487416,0.04,0.19794866372215744,0.06,0.2398979374820953
80,0.54,0.7059513771774764,0.48,0.7068181072487416,0.02,0.14142135623730948,0.0,0.0
81,0.58,0.7024737630368142,0.56,0.7602362683228613,0.04,0.19794866372215753,0.08,0.27404751561786983
82,0.58,0.7024737630368142,0.62,0.8302937763840221,0.0,0.0,0.06,0.23989793748209529
83,0.62,0.7253429871306344,0.62,0.8302937763840221,0.04,0.1979486637221575,0.0,0.0
84,0.66,0.7453255691854621,0.64,0.8270922757788646,0.04,0.19794866372215744,0.02,0.14142135623730948
85,0.66,0.7453255691854621,0.7,0.8630747123996123,0.0,0.0,0.06,0.23989793748209529
86,0.7,0.7626484465736649,0.74,0.8992059989632124,0.04,0.28284271247461884,0.04,0.19794866372215753
87,0.7,0.7626484465736649,0.76,0.8935140440635364,0.0,0.0,0.02,0.14142135623730942
88,0.78,0.763718080264209,0.82,0.8964783708421279,0.08,0.27404751561786966,0.06,0.23989793748209526
89,0.8,0.8081220356417685,0.84,0.8889342392059453,0.02,0.14142135623730936,0.02,0.1414213562373094
90,0.88,0.7989789402348321,0.9,0.90913729009699,0.08,0.2740475156178699,0.06,0.23989793748209526
91,0.88,0.7989789402348321,0.94,0.9775020225460572,0.0,0.0,0.04,0.1979486637221575
92,0.92,0.8533248298896042,0.96,0.9680613912055667,0.04,0.1979486637221575,0.02,0.14142135623730942
93,1.0,0.8571428571428572,0.98,0.979170827896788,0.08,0.27404751561786966,0.02,0.14142135623730936
94,1.02,0.8449127475783568,1.02,0.979170827896788,0.02,0.14142135623730942,0.04,0.1979486637221575
95,1.06,0.8429781995389674,1.06,0.9775020225460576,0.04,0.1979486637221575,0.04,0.19794866372215744
96,1.14,0.903733751653412,1.18,1.0631105688650893,0.08,0.27404751561786983,0.12,0.328260722659316
97,1.24,0.9380831519646861,1.22,1.0745668325195135,0.1,0.3030457633656631,0.04,0.1979486637221575
98,1.34,0.9391702807939202,1.34,1.0421719862765417,0.1,0.3642156795423417,0.12,0.3282607226593161
99,1.4,0.9258200997725514,1.36,1.0253919111386496,0.06,0.2398979374820953,0.02,0.14142135623730945
100,1.42,0.9055385138137418,1.42,1.0319389319061827,0.02,0.14142135623730945,0.06,0.23989793748209526
101,1.5,0.9313146293146641,1.54,1.1466010106183495,0.08,0.27404751561786983,0.12,0.3282607226593161
102,1.6,0.9258200997725514,1.56,1.145710723186481,0.1,0.3030457633656631,0.02,0.1414213562373095
103,1.7,0.994884876941723,1.6,1.1248582677159729,0.1,0.3030457633656631,0.04,0.1979486637221575
104,1.76,0.9380831519646858,1.62,1.104536101718726,0.06,0.23989793748209529,0.02,0.14142135623730936
105,1.82,1.0239977678547103,1.68,1.096190062471479,0.06,0.2398979374820953,0.06,0.2398979374820953
106,1.92,0.9864386572361182,1.8,1.178030178747903,0.1,0.303045763365663,0.12,0.328260722659316
107,1.98,1.0783585409580352,1.82,1.1899236813119314,0.06,0.23989793748209526,0.02,0.14142135623730936
108,2.0,1.0690449676496976,1.86,1.1782034057437292,0.02,0.14142135623730945,0.04,0.19794866372215741
109,2.04,1.0490034143249043,1.86,1.1782034057437292,0.04,0.1979486637221575,0.0,0.0
110,2.08,1.04666623337224,1.86,1.1782034057437292,0.04,0.1979486637221575,0.0,0.0
111,2.08,1.04666623337224,1.94,1.1851117229689223,0.0,0.0,0.08,0.27404751561786983
112,2.12,1.0621503025966343,1.94,1.1851117229689223,0.04,0.19794866372215744,0.0,0.0
113,2.16,1.0946996606096004,2.0,1.228903609577518,0.04,0.19794866372215753,0.06,0.23989793748209526
114,2.22,1.2001700559776127,2.04,1.211509431263668,0.06,0.23989793748209529,0.04,0.19794866372215741
115,2.26,1.1919800025716085,2.1,1.2330483215451478,0.04,0.1979486637221575,0.06,0.2398979374820953
116,2.34,1.1885508239972282,2.26,1.2747148540688125,0.08,0.2740475156178699,0.16,0.42185208743523994
117,2.38,1.2270755012281378,2.3,1.2494896917525642,0.04,0.1979486637221575,0.04,0.1979486637221575
118,2.42,1.2303973142933986,2.34,1.255355872789441,0.04,0.1979486637221575,0.04,0.1979486637221575
119,2.44,1.2480188381623745,2.36,1.2414606275657387,0.02,0.14142135623730948,0.02,0.14142135623730942
120,2.52,1.2328828005937955,2.42,1.2468736413731023,0.08,0.2740475156178699,0.06,0.23989793748209529
121,2.56,1.2315578321287028,2.46,1.2323861043536972,0.04,0.19794866372215744,0.04,0.19794866372215747
122,2.64,1.224911492012915,2.5,1.2330483215451478,0.08,0.34046786536608525,0.04,0.19794866372215747
123,2.68,1.236189008730511,2.56,1.2642655365621478,0.04,0.1979486637221575,0.06,0.23989793748209529
124,2.76,1.170382808472231,2.64,1.321100345336787,0.08,0.2740475156178698,0.08,0.34046786536608553
125,2.84,1.2348675877128175,2.7,1.2975644374703537,0.08,0.27404751561786983,0.06,0.2398979374820953
126,2.88,1.2229105462304397,2.72,1.2942573317606998,0.04,0.19794866372215741,0.02,0.1414213562373094
127,2.94,1.3000784905661091,2.78,1.3445278360974222,0.06,0.2398979374820953,0.06,0.23989793748209529
128,2.96,1.3241863115721677,2.8,1.355261854357877,0.02,0.14142135623730942,0.02,0.14142135623730934
129,3.02,1.37751625050602,2.86,1.370386508862908,0.06,0.23989793748209526,0.06,0.2398979374820953
130,3.08,1.38269184372147,2.88,1.3944496390757062,0.06,0.23989793748209523,0.02,0.14142135623730942
131,3.08,1.38269184372147,2.88,1.3944496390757062,0.0,0.0,0.0,0.0
132,3.14,1.3851987258888454,2.9,1.373956004405096,0.06,0.23989793748209526,0.02,0.1414213562373094
133,3.22,1.3596217961519406,2.94,1.3614218257965098,0.08,0.2740475156178697,0.04,0.1979486637221575
134,3.26,1.411469056677894,2.98,1.3169228201704586,0.04,0.1979486637221575,0.04,0.19794866372215747
135,3.36,1.425138732953134,3.06,1.2682946931101733,0.1,0.3030457633656631,0.08,0.27404751561786966
136,3.4,1.3997084244475302,3.12,1.2879345908096735,0.04,0.1979486637221575,0.06,0.23989793748209526
137,3.4,1.3997084244475302,3.14,1.2937841980100109,0.0,0.0,0.02,0.14142135623730942
138,3.46,1.4172407800269609,3.2,1.2777531299998799,0.06,0.2398979374820953,0.06,0.2398979374820953
139,3.5,1.417816660091372,3.3,1.3286482312670198,0.04,0.1979486637221575,0.1,0.303045763365663
140,3.52,1.4319958955590477,3.36,1.3364589215458855,0.02,0.14142135623730934,0.06,0.23989793748209529
141,3.62,1.426999134762262,3.44,1.3874069191061693,0.1,0.3030457633656632,0.08,0.27404751561786966
142,3.72,1.4291427429028343,3.46,1.402766945020026,0.1,0.30304576336566297,0.02,0.14142135623730948
143,3.74,1.4400963686574622,3.5,1.417816660091372,0.02,0.1414213562373094,0.04,0.1979486637221575
144,3.76,1.450685974261269,3.56,1.327265102781364,0.02,0.14142135623730942,0.06,0.23989793748209526
145,3.76,1.450685974261269,3.6,1.3997084244475304,0.0,0.0,0.04,0.19794866372215744
146,3.78,1.4609194756336557,3.68,1.391519504215534,0.02,0.14142135623730948,0.08,0.2740475156178697
147,3.84,1.4895554740270942,3.68,1.391519504215534,0.06,0.23989793748209526,0.0,0.0
148,3.88,1.4796579858541776,3.76,1.4222718245318444,0.04,0.1979486637221575,0.08,0.27404751561786983
149,3.9,1.4603605928757766,3.78,1.3893178475901955,0.02,0.14142135623730942,0.02,0.14142135623730948
150,3.92,1.4546196641551836,3.82,1.3804761083460608,0.02,0.14142135623730942,0.04,0.1979486637221575
151,3.96,1.4977534196664177,3.86,1.3851987258888454,0.04,0.1979486637221575,0.04,0.1979486637221575
152,3.98,1.4913355198120446,3.9,1.3739560044050962,0.02,0.14142135623730942,0.04,0.1979486637221575
153,4.08,1.5096965501283326,3.94,1.36142182579651,0.1,0.3030457633656629,0.04,0.19794866372215741
154,4.12,1.5732457026212805,3.94,1.36142182579651,0.04,0.19794866372215747,0.0,0.0
155,4.16,1.5565529682144268,3.98,1.332329554133033,0.04,0.19794866372215744,0.04,0.19794866372215744
156,4.2,1.551825784457174,4.0,1.2936264483053452,0.04,0.1979486637221575,0.02,0.14142135623730942
157,4.24,1.5979578804696644,4.02,1.3013336957733408,0.04,0.19794866372215744,0.02,0.14142135623730934
158,4.28,1.6167490686622983,4.02,1.3013336957733408,0.04,0.19794866372215741,0.0,0.0
159,4.28,1.6167490686622983,4.08,1.2751950631097941,0.0,0.0,0.06,0.23989793748209529
160,4.38,1.6021669000170373,4.1,1.2975644374703539,0.1,0.3030457633656632,0.02,0.14142135623730936
161,4.38,1.6021669000170373,4.16,1.3149066856004399,0.0,0.0,0.06,0.2398979374820953
162,4.46,1.5934816200601085,4.24,1.3180071536766622,0.08,0.2740475156178697,0.08,0.2740475156178698
163,4.56,1.655664365080048,4.28,1.3407277950457221,0.1,0.3642156795423417,0.04,0.1979486637221575
164,4.56,1.655664365080048,4.34,1.3341664064126333,0.0,0.0,0.06,0.2398979374820953
165,4.6,1.64130361329658,4.4,1.3248026422136723,0.04,0.19794866372215741,0.06,0.23989793748209526
166,4.68,1.6343256738371539,4.44,1.357669070916197,0.08,0.2740475156178698,0.04,0.19794866372215744
167,4.7,1.6567733578204573,4.44,1.357669070916197,0.02,0.14142135623730942,0.0,0.0
168,4.8,1.761261143705422,4.52,1.3738074605910067,0.1,0.30304576336566297,0.08,0.27404751561786966
169,4.82,1.769238277234769,4.56,1.4020393310154624,0.02,0.14142135623730948,0.04,0.19794866372215741
170,4.88,1.7686614332048185,4.6,1.3997084244475306,0.06,0.23989793748209529,0.04,0.19794866372215747
171,4.88,1.7686614332048185,4.64,1.3666583706401598,0.0,0.0,0.04,0.19794866372215744
172,4.88,1.7686614332048185,4.7,1.4033487645991787,0.0,0.0,0.06,0.2398979374820953
173,4.9,1.7641555764612102,4.76,1.3785529236359793,0.02,0.14142135623730942,0.06,0.23989793748209529
174,4.92,1.7594062078103605,4.78,1.4039303430595358,0.02,0.1414213562373094,0.02,0.14142135623730945
175,4.94,1.7660055238317014,4.78,1.4039303430595358,0.02,0.14142135623730945,0.0,0.0
176,4.96,1.7491688988587393,4.78,1.4039303430595358,0.02,0.1414213562373095,0.0,0.0
177,5.04,1.8178255680670705,4.82,1.4383947969305,0.08,0.2740475156178697,0.04,0.1979486637221575
178,5.1,1.8433554143662774,4.84,1.475791036587995,0.06,0.2398979374820953,0.02,0.14142135623730945
179,5.14,1.8627388218339536,4.86,1.4709430544340436,0.04,0.19794866372215741,0.02,0.1414213562373094
180,5.16,1.8334755665296514,4.96,1.5113178463357935,0.02,0.14142135623730948,0.1,0.30304576336566313
181,5.18,1.8371450788700185,4.98,1.5184578643196809,0.02,0.14142135623730948,0.02,0.14142135623730936
182,5.2,1.8070158058105024,4.98,1.5184578643196809,0.02,0.14142135623730945,0.0,0.0
183,5.24,1.8796439089598311,5.0,1.5518257844571737,0.04,0.19794866372215744,0.02,0.14142135623730948
184,5.26,1.8714830962613143,5.02,1.5318389642011652,0.02,0.14142135623730934,0.02,0.14142135623730942
185,5.36,1.9457960964550203,5.04,1.5380878667079734,0.1,0.3030457633656632,0.02,0.14142135623730942
186,5.42,1.8853895824340974,5.04,1.5380878667079734,0.06,0.23989793748209529,0.0,0.0
187,5.46,1.897474153517066,5.06,1.5572083865634918,0.04,0.19794866372215744,0.02,0.14142135623730936
188,5.46,1.897474153517066,5.08,1.5758379695014488,0.0,0.0,0.02,0.14142135623730942
189,5.48,1.897796789190356,5.1,1.5811388300841893,0.02,0.14142135623730942,0.02,0.14142135623730936
190,5.5,1.8762750766519567,5.1,1.5811388300841893,0.02,0.1414213562373095,0.0,0.0
191,5.52,1.8432446990044924,5.14,1.616370335419606,0.02,0.14142135623730936,0.04,0.1979486637221575
192,5.58,1.8745339556861615,5.14,1.616370335419606,0.06,0.23989793748209529,0.0,0.0
193,5.6,1.8405855323893037,5.22,1.632451518172492,0.02,0.14142135623730934,0.08,0.2740475156178698
194,5.64,1.8155788417505443,5.24,1.635823452377101,0.04,0.1979486637221575,0.02,0.1414213562373094
195,5.66,1.7912485669419043,5.28,1.6664761795905922,0.02,0.14142135623730945,0.04,0.1979486637221575
196,5.7,1.8653664081715133,5.3,1.6567733578204578,0.04,0.19794866372215744,0.02,0.14142135623730948
197,5.7,1.8653664081715133,5.34,1.6734420107267853,0.0,0.0,0.04,0.1979486637221575
198,5.74,1.8495448971383777,5.36,1.650726494360491,0.04,0.1979486637221575,0.02,0.1414213562373094
199,5.74,1.8495448971383777,5.4,1.6903085094570334,0.0,0.0,0.04,0.19794866372215747
200,5.78,1.821526608005897,5.46,1.6685567514031578,0.04,0.19794866372215753,0.06,0.2398979374820953
201,5.78,1.821526608005897,5.46,1.6685567514031578,0.0,0.0,0.0,0.0
202,5.78,1.821526608005897,5.54,1.7167838940226317,0.0,0.0,0.08,0.27404751561786983
203,5.82,1.814791830418878,5.56,1.704256376229342,0.04,0.19794866372215747,0.02,0.1414213562373094
204,5.82,1.814791830418878,5.56,1.704256376229342,0.0,0.0,0.0,0.0
205,5.86,1.8295756171242306,5.58,1.6913947873073902,0.04,0.19794866372215744,0.02,0.1414213562373095
206,5.86,1.8295756171242306,5.6,1.665986255670086,0.0,0.0,0.02,0.14142135623730948
207,5.88,1.8254437537100898,5.6,1.665986255670086,0.02,0.14142135623730945,0.0,0.0
208,5.96,1.851199280334293,5.64,1.6752703102021775,0.08,0.2740475156178698,0.04,0.1979486637221575
209,5.96,1.851199280334293,5.64,1.6752703102021775,0.0,0.0,0.0,0.0
210,5.96,1.851199280334293,5.7,1.6812288994199747,0.0,0.0,0.06,0.23989793748209529
211,6.0,1.8626292586293283,5.74,1.6880129605847347,0.04,0.19794866372215753,0.04,0.1979486637221575
212,6.02,1.9004832897697048,5.74,1.6880129605847347,0.02,0.1414213562373094,0.0,0.0
213,6.06,1.8996240229507073,5.78,1.7058123924885016,0.04,0.19794866372215747,0.04,0.19794866372215753
214,6.06,1.8996240229507073,5.8,1.737932151513777,0.0,0.0,0.02,0.14142135623730942
215,6.08,1.9255531937707713,5.88,1.7686614332048183,0.02,0.14142135623730942,0.08,0.2740475156178699
216,6.1,1.940439672458018,5.92,1.7824541669122542,0.02,0.14142135623730934,0.04,0.1979486637221575
217,6.12,1.9340134858023366,5.96,1.7723499907738083,0.02,0.1414213562373095,0.04,0.1979486637221575
218,6.14,1.9273541131694039,5.96,1.7723499907738083,0.02,0.1414213562373094,0.0,0.0
219,6.16,1.9520789545758541,6.0,1.7956864414252192,0.02,0.14142135623730934,0.04,0.1979486637221575
220,6.18,1.9555259222656858,6.04,1.806563995375684,0.02,0.1414213562373094,0.04,0.19794866372215741
221,6.18,1.9555259222656858,6.06,1.8228705776486553,0.0,0.0,0.02,0.14142135623730942
222,6.18,1.9555259222656858,6.12,1.82544375371009,0.0,0.0,0.06,0.23989793748209526
223,6.24,1.9541687517213249,6.16,1.8110770276274832,0.06,0.23989793748209526,0.04,0.19794866372215747
224,6.26,1.9775268000454405,6.16,1.8110770276274832,0.02,0.14142135623730936,0.0,0.0
225,6.26,1.9775268000454405,6.18,1.814791830418878,0.0,0.0,0.02,0.14142135623730936
226,6.3,2.012714686229339,6.18,1.814791830418878,0.04,0.19794866372215744,0.0,0.0
227,6.32,1.9840177747722532,6.2,1.7956864414252192,0.02,0.1414213562373094,0.02,0.1414213562373094
228,6.34,1.9546908519074342,6.22,1.8102880591615407,0.02,0.14142135623730936,0.02,0.14142135623730936
229,6.36,1.956256316414137,6.24,1.824549147553097,0.02,0.14142135623730948,0.02,0.1414213562373094
230,6.4,1.989769753883446,6.24,1.824549147553097,0.04,0.19794866372215741,0.0,0.0
231,6.42,1.9906926289252047,6.24,1.824549147553097,0.02,0.1414213562373094,0.0,0.0
232,6.42,1.9906926289252047,6.26,1.816140783898312,0.0,0.0,0.02,0.14142135623730934
233,6.44,2.021920687194758,6.28,1.8299102241835326,0.02,0.14142135623730948,0.02,0.14142135623730945
234,6.46,2.0224252969226457,6.3,1.8653664081715136,0.02,0.14142135623730934,0.02,0.14142135623730942
235,6.48,2.0227280023346124,6.3,1.8653664081715136,0.02,0.14142135623730942,0.0,0.0
236,6.48,2.0227280023346124,6.32,1.8454577442234448,0.0,0.0,0.02,0.14142135623730936
237,6.52,2.012613287469294,6.32,1.8454577442234448,0.04,0.19794866372215744,0.0,0.0
238,6.54,2.0021417104119847,6.34,1.8362561734937413,0.02,0.14142135623730936,0.02,0.1414213562373094
239,6.54,2.0021417104119847,6.36,1.8379225184086165,0.0,0.0,0.02,0.14142135623730942
240,6.54,2.0021417104119847,6.36,1.8379225184086165,0.0,0.0,0.0,0.0
241,6.6,2.0603150145508513,6.38,1.8057730551015019,0.06,0.2398979374820953,0.02,0.14142135623730948
242,6.64,2.047995535709421,6.4,1.8182745801939795,0.04,0.19794866372215747,0.02,0.1414213562373094
243,6.64,2.047995535709421,6.4,1.8182745801939795,0.0,0.0,0.0,0.0
244,6.66,2.056448295444535,6.42,1.796709009635707,0.02,0.14142135623730942,0.02,0.14142135623730948
245,6.66,2.056448295444535,6.42,1.796709009635707,0.0,0.0,0.0,0.0
246,6.66,2.056448295444535,6.44,1.7975039382886664,0.0,0.0,0.02,0.1414213562373095
247,6.68,2.0547605252988803,6.46,1.7980715293029352,0.02,0.14142135623730948,0.02,0.14142135623730942
248,6.72,2.0804238186740025,6.46,1.7980715293029352,0.04,0.19794866372215744,0.0,0.0
249,6.76,2.046001575996361,6.46,1.7980715293029352,0.04,0.1979486637221575,0.0,0.0
250,6.8,2.060315014550851,6.46,1.7980715293029352,0.04,0.19794866372215741,0.0,0.0
251,6.8,2.060315014550851,6.48,1.8209663279003645,0.0,0.0,0.02,0.14142135623730945
252,6.8,2.060315014550851,6.5,1.8433554143662771,0.0,0.0,0.02,0.1414213562373094
253,6.8,2.060315014550851,6.54,1.8318051763442622,0.0,0.0,0.04,0.19794866372215747
254,6.8,2.060315014550851,6.58,1.8304677666918798,0.0,0.0,0.04,0.1979486637221575
255,6.8,2.060315014550851,6.64,1.8926280184776227,0.0,0.0,0.06,0.2398979374820953
256,6.8,2.060315014550851,6.64,1.8926280184776227,0.0,0.0,0.0,0.0
257,6.82,2.0572420611000504,6.66,1.880186703712247,0.02,0.14142135623730942,0.02,0.14142135623730948
258,6.84,2.09333246674448,6.68,1.8999462935481481,0.02,0.14142135623730948,0.02,0.14142135623730934
259,6.84,2.09333246674448,6.72,1.85208101378764,0.0,0.0,0.04,0.19794866372215741
260,6.84,2.09333246674448,6.74,1.8495448971383777,0.0,0.0,0.02,0.1414213562373095
261,6.86,2.099659836395274,6.76,1.8245491475530973,0.02,0.14142135623730948,0.02,0.14142135623730948
262,6.86,2.099659836395274,6.78,1.8215266080058965,0.0,0.0,0.02,0.14142135623730945
263,6.86,2.099659836395274,6.78,1.8215266080058965,0.0,0.0,0.0,0.0
264,6.86,2.099659836395274,6.78,1.8215266080058965,0.0,0.0,0.0,0.0
265,6.86,2.099659836395274,6.78,1.8215266080058965,0.0,0.0,0.0,0.0
266,6.88,2.115443698332888,6.84,1.833475566529651,0.02,0.14142135623730942,0.06,0.2398979374820953
267,6.9,2.0922597879824014,6.84,1.833475566529651,0.02,0.1414213562373094,0.0,0.0
268,6.9,2.0922597879824014,6.84,1.833475566529651,0.0,0.0,0.0,0.0
269,6.92,2.088256767385327,6.86,1.807128740769258,0.02,0.14142135623730945,0.02,0.14142135623730945
270,6.94,2.093819866333554,6.9,1.821078397711709,0.02,0.14142135623730948,0.04,0.19794866372215744
271,6.98,2.0453032308492674,6.9,1.821078397711709,0.04,0.1979486637221575,0.0,0.0
272,6.98,2.0453032308492674,6.9,1.821078397711709,0.0,0.0,0.0,0.0
273,7.0,2.0503857277724746,6.94,1.8451259566540077,0.02,0.1414213562373094,0.04,0.1979486637221575
274,7.02,2.055257072157413,6.94,1.8451259566540077,0.02,0.14142135623730948,0.0,0.0
275,7.04,2.02997939066647,6.94,1.8451259566540077,0.02,0.14142135623730945,0.0,0.0
276,7.04,2.02997939066647,6.94,1.8451259566540077,0.0,0.0,0.0,0.0
277,7.06,2.004179306818018,6.98,1.8125413436523266,0.02,0.14142135623730945,0.04,0.19794866372215747
278,7.06,2.004179306818018,6.98,1.8125413436523266,0.0,0.0,0.0,0.0
279,7.08,2.008553139522506,7.0,1.7612611437054218,0.02,0.1414213562373095,0.02,0.14142135623730942
280,7.08,2.008553139522506,7.02,1.731932976975349,0.0,0.0,0.02,0.14142135623730934
281,7.08,2.008553139522506,7.02,1.731932976975349,0.0,0.0,0.0,0.0
282,7.08,2.008553139522506,7.1,1.729102633844315,0.0,0.0,0.08,0.2740475156178697
283,7.1,2.0127146862293386,7.12,1.75708478417392,0.02,0.14142135623730942,0.02,0.14142135623730945
284,7.12,2.0267597543963656,7.12,1.75708478417392,0.02,0.14142135623730948,0.0,0.0
285,7.12,2.0267597543963656,7.14,1.772925634684785,0.0,0.0,0.02,0.14142135623730948
286,7.12,2.0267597543963656,7.16,1.7538296289397495,0.0,0.0,0.02,0.14142135623730936
287,7.12,2.0267597543963656,7.18,1.792159796082335,0.0,0.0,0.02,0.14142135623730934
288,7.14,2.020406101833621,7.22,1.7761457928759736,0.02,0.14142135623730936,0.04,0.19794866372215744
289,7.14,2.020406101833621,7.26,1.7706219361615079,0.0,0.0,0.04,0.28284271247461895
290,7.16,2.0339967692065932,7.3,1.7756861278080074,0.02,0.14142135623730942,0.04,0.1979486637221575
291,7.16,2.0339967692065932,7.3,1.7756861278080074,0.0,0.0,0.0,0.0
292,7.16,2.0339967692065932,7.32,1.7893106642115628,0.0,0.0,0.02,0.1414213562373094
293,7.18,2.037305142804572,7.32,1.7893106642115628,0.02,0.1414213562373094,0.0,0.0
294,7.18,2.037305142804572,7.34,1.813891970772419,0.0,0.0,0.02,0.14142135623730942
295,7.2,2.060315014550851,7.36,1.8379225184086165,0.02,0.14142135623730942,0.02,0.14142135623730936
296,7.22,2.043306643853615,7.36,1.8379225184086165,0.02,0.14142135623730945,0.0,0.0
297,7.24,2.0460015759963603,7.36,1.8379225184086165,0.02,0.14142135623730942,0.0,0.0
298,7.24,2.0460015759963603,7.36,1.8379225184086165,0.0,0.0,0.0,0.0
299,7.24,2.0460015759963603,7.38,1.8614236377524798,0.0,0.0,0.02,0.14142135623730942
300,7.24,2.0460015759963603,7.38,1.8614236377524798,0.0,0.0,0.0,0.0
301,7.24,2.0460015759963603,7.38,1.8614236377524798,0.0,0.0,0.0,0.0
302,7.24,2.0460015759963603,7.38,1.8614236377524798,0.0,0.0,0.0,0.0
303,7.24,2.0460015759963603,7.38,1.8614236377524798,0.0,0.0,0.0,0.0
304,7.32,1.984017774772253,7.38,1.8614236377524798,0.08,0.27404751561786966,0.0,0.0
305,7.32,1.984017774772253,7.4,1.8735538640862863,0.0,0.0,0.02,0.1414213562373094
306,7.34,1.9960164409776433,7.42,1.9069154492562708,0.02,0.1414213562373094,0.02,0.1414213562373094
307,7.34,1.9960164409776433,7.42,1.9069154492562708,0.0,0.0,0.0,0.0
308,7.36,1.9873066585461956,7.42,1.9069154492562708,0.02,0.14142135623730936,0.0,0.0
309,7.36,1.9873066585461956,7.42,1.9069154492562708,0.0,0.0,0.0,0.0
310,7.38,2.0191936155660892,7.44,1.9183326093250883,0.02,0.1414213562373094,0.02,0.14142135623730942
311,7.38,2.0191936155660892,7.44,1.9183326093250883,0.0,0.0,0.0,0.0
312,7.38,2.0191936155660892,7.46,1.9188644601238856,0.0,0.0,0.02,0.1414213562373094
313,7.38,2.0191936155660892,7.48,1.9297879760878034,0.0,0.0,0.02,0.1414213562373094
314,7.38,2.0191936155660892,7.48,1.9297879760878034,0.0,0.0,0.0,0.0
315,7.38,2.0191936155660892,7.5,1.9086270308410553,0.0,0.0,0.02,0.14142135623730942
316,7.38,2.0191936155660892,7.5,1.9086270308410553,0.0,0.0,0.0,0.0
317,7.38,2.0191936155660892,7.5,1.9086270308410553,0.0,0.0,0.0,0.0
318,7.38,2.0191936155660892,7.5,1.9086270308410553,0.0,0.0,0.0,0.0
319,7.4,2.0303814862216996,7.5,1.9086270308410553,0.02,0.14142135623730945,0.0,0.0
320,7.4,2.0303814862216996,7.5,1.9086270308410553,0.0,0.0,0.0,0.0
321,7.42,2.0413081040132584,7.5,1.9086270308410553,0.02,0.14142135623730942,0.0,0.0
322,7.42,2.0413081040132584,7.5,1.9086270308410553,0.0,0.0,0.0,0.0
323,7.44,2.0816006400099414,7.52,1.9297879760878038,0.02,0.14142135623730942,0.02,0.14142135623730942
324,7.44,2.0816006400099414,7.52,1.9297879760878038,0.0,0.0,0.0,0.0
325,7.44,2.0816006400099414,7.52,1.9297879760878038,0.0,0.0,0.0,0.0
326,7.44,2.0816006400099414,7.52,1.9297879760878038,0.0,0.0,0.0,0.0
327,7.44,2.0816006400099414,7.52,1.9297879760878038,0.0,0.0,0.0,0.0
328,7.46,2.130536006142442,7.52,1.9297879760878038,0.02,0.14142135623730942,0.0,0.0
329,7.46,2.130536006142442,7.54,1.9400189353168062,0.0,0.0,0.02,0.1414213562373094
330,7.46,2.130536006142442,7.54,1.9400189353168062,0.0,0.0,0.0,0.0
331,7.46,2.130536006142442,7.54,1.9400189353168062,0.0,0.0,0.0,0.0
332,7.48,2.14037952003749,7.56,1.9289417633849428,0.02,0.14142135623730942,0.02,0.14142135623730936
333,7.52,2.1212241363737814,7.56,1.9289417633849428,0.04,0.19794866372215744,0.0,0.0
334,7.52,2.1212241363737814,7.56,1.9289417633849428,0.0,0.0,0.0,0.0
335,7.54,2.1209354886320266,7.58,1.949254174481792,0.02,0.14142135623730936,0.02,0.14142135623730945
336,7.54,2.1209354886320266,7.58,1.949254174481792,0.0,0.0,0.0,0.0
337,7.56,2.1586087734313266,7.6,1.989769753883446,0.02,0.14142135623730948,0.02,0.14142135623730934
338,7.58,2.1767791222213555,7.6,1.989769753883446,0.02,0.1414213562373095,0.0,0.0
339,7.6,2.185294077254051,7.62,1.9886412138822378,0.02,0.1414213562373094,0.02,0.14142135623730942
340,7.62,2.1935899194457193,7.62,1.9886412138822378,0.02,0.14142135623730948,0.0,0.0
341,7.62,2.1935899194457193,7.64,2.007740124658385,0.0,0.0,0.02,0.14142135623730945
342,7.66,2.237071701112498,7.64,2.007740124658385,0.04,0.19794866372215744,0.0,0.0
343,7.66,2.237071701112498,7.64,2.007740124658385,0.0,0.0,0.0,0.0
344,7.66,2.237071701112498,7.64,2.007740124658385,0.0,0.0,0.0,0.0
345,7.66,2.237071701112498,7.66,1.965103725776638,0.0,0.0,0.02,0.14142135623730942
346,7.68,2.253704433476002,7.68,2.0044847676331865,0.02,0.14142135623730942,0.02,0.1414213562373094
347,7.68,2.253704433476002,7.68,2.0044847676331865,0.0,0.0,0.0,0.0
348,7.68,2.253704433476002,7.74,2.048493722375601,0.0,0.0,0.06,0.23989793748209529
349,7.68,2.253704433476002,7.74,2.048493722375601,0.0,0.0,0.0,0.0
350,7.68,2.253704433476002,7.76,2.0360024858651276,0.0,0.0,0.02,0.14142135623730948
351,7.68,2.253704433476002,7.76,2.0360024858651276,0.0,0.0,0.0,0.0
352,7.68,2.253704433476002,7.76,2.0360024858651276,0.0,0.0,0.0,0.0
353,7.68,2.253704433476002,7.76,2.0360024858651276,0.0,0.0,0.0,0.0
354,7.72,2.2591311315166616,7.76,2.0360024858651276,0.04,0.1979486637221575,0.0,0.0
355,7.78,2.2249971336830883,7.76,2.0360024858651276,0.06,0.2398979374820953,0.0,0.0
356,7.78,2.2249971336830883,7.76,2.0360024858651276,0.0,0.0,0.0,0.0
357,7.78,2.2249971336830883,7.76,2.0360024858651276,0.0,0.0,0.0,0.0
358,7.78,2.2249971336830883,7.76,2.0360024858651276,0.0,0.0,0.0,0.0
359,7.82,2.2469026299711854,7.76,2.0360024858651276,0.04,0.1979486637221575,0.0,0.0
360,7.82,2.2469026299711854,7.78,2.03329430095245,0.0,0.0,0.02,0.14142135623730936
361,7.82,2.2469026299711854,7.78,2.03329430095245,0.0,0.0,0.0,0.0
362,7.82,2.2469026299711854,7.78,2.03329430095245,0.0,0.0,0.0,0.0
363,7.82,2.2469026299711854,7.78,2.03329430095245,0.0,0.0,0.0,0.0
364,7.82,2.2469026299711854,7.78,2.03329430095245,0.0,0.0,0.0,0.0
365,7.82,2.2469026299711854,7.78,2.03329430095245,0.0,0.0,0.0,0.0
366,7.84,2.2799928392297146,7.78,2.03329430095245,0.02,0.14142135623730936,0.0,0.0
367,7.84,2.2799928392297146,7.8,2.0404081224408137,0.0,0.0,0.02,0.14142135623730948
368,7.84,2.2799928392297146,7.82,2.017171185555836,0.0,0.0,0.02,0.1414213562373095
369,7.84,2.2799928392297146,7.82,2.017171185555836,0.0,0.0,0.0,0.0
370,7.84,2.2799928392297146,7.84,2.003670101975627,0.0,0.0,0.02,0.14142135623730948
371,7.86,2.240717815016119,7.84,2.003670101975627,0.02,0.14142135623730942,0.0,0.0
372,7.86,2.240717815016119,7.86,1.9692534584642645,0.0,0.0,0.02,0.14142135623730942
373,7.86,2.240717815016119,7.86,1.9692534584642645,0.0,0.0,0.0,0.0
374,7.86,2.240717815016119,7.86,1.9692534584642645,0.0,0.0,0.0,0.0
375,7.9,2.21543748846726,7.86,1.9692534584642645,0.04,0.1979486637221575,0.0,0.0
376,7.92,2.2024105532116307,7.88,1.9654152596479815,0.02,0.14142135623730942,0.02,0.1414213562373095
377,7.96,2.2127644543900837,7.9,1.9820624179302297,0.04,0.1979486637221575,0.02,0.1414213562373094
378,7.96,2.2127644543900837,7.92,1.9674908915070652,0.0,0.0,0.02,0.14142135623730945
379,7.96,2.2127644543900837,7.92,1.9674908915070652,0.0,0.0,0.0,0.0
380,7.96,2.2127644543900837,7.92,1.9674908915070652,0.0,0.0,0.0,0.0
381,7.98,2.2176472180384037,7.94,1.9939705031286044,0.02,0.14142135623730936,0.02,0.14142135623730945
382,8.0,2.2314999074019015,7.94,1.9939705031286044,0.02,0.14142135623730942,0.0,0.0
383,8.04,2.240262375304304,7.94,1.9939705031286044,0.04,0.1979486637221575,0.0,0.0
384,8.08,2.211657426327272,7.98,2.004993765576342,0.04,0.1979486637221575,0.04,0.1979486637221575
385,8.08,2.211657426327272,8.0,2.030381486221699,0.0,0.0,0.02,0.14142135623730942
386,8.08,2.211657426327272,8.0,2.030381486221699,0.0,0.0,0.0,0.0
387,8.08,2.211657426327272,8.0,2.030381486221699,0.0,0.0,0.0,0.0
388,8.08,2.211657426327272,8.0,2.030381486221699,0.0,0.0,0.0,0.0
389,8.08,2.211657426327272,8.0,2.030381486221699,0.0,0.0,0.0,0.0
390,8.08,2.211657426327272,8.0,2.030381486221699,0.0,0.0,0.0,0.0
391,8.12,2.219027181594012,8.0,2.030381486221699,0.04,0.1979486637221575,0.0,0.0
392,8.12,2.219027181594012,8.0,2.030381486221699,0.0,0.0,0.0,0.0
393,8.12,2.219027181594012,8.0,2.030381486221699,0.0,0.0,0.0,0.0
394,8.14,2.22242742816709,8.0,2.030381486221699,0.02,0.14142135623730948,0.0,0.0
395,8.18,2.219486978781266,8.02,2.035300709868652,0.04,0.19794866372215747,0.02,0.14142135623730948
396,8.18,2.219486978781266,8.02,2.035300709868652,0.0,0.0,0.0,0.0
397,8.2,2.2406267344797324,8.04,2.0499875559602403,0.02,0.14142135623730936,0.02,0.14142135623730948
398,8.22,2.2341505256872396,8.08,2.028772625837341,0.02,0.14142135623730934,0.04,0.19794866372215753
399,8.26,2.2297615869625784,8.12,2.0467993929796933,0.04,0.1979486637221575,0.04,0.1979486637221575
400,8.26,2.2297615869625784,8.14,2.050485258644491,0.0,0.0,0.02,0.14142135623730948
401,8.28,2.2318656970785495,8.18,2.0769876145563337,0.02,0.14142135623730948,0.04,0.19794866372215753
402,8.28,2.2318656970785495,8.26,2.0584321356660893,0.0,0.0,0.08,0.27404751561786983
403,8.3,2.206206458782929,8.28,2.0507838222772987,0.02,0.1414213562373094,0.02,0.14142135623730948
404,8.36,2.2293039089292765,8.28,2.0507838222772987,0.06,0.2398979374820953,0.0,0.0
405,8.4,2.2497165354319466,8.32,2.0448042668666155,0.04,0.19794866372215744,0.04,0.1979486637221575
406,8.42,2.250532816731112,8.32,2.0448042668666155,0.02,0.14142135623730948,0.0,0.0
407,8.44,2.2420835790643947,8.34,2.0264576512340193,0.02,0.14142135623730948,0.02,0.14142135623730948
408,8.46,2.2606663276339476,8.38,2.049290569132326,0.02,0.14142135623730948,0.04,0.1979486637221575
409,8.5,2.270035511724386,8.38,2.049290569132326,0.04,0.1979486637221575,0.0,0.0
410,8.52,2.269945607547567,8.4,2.0603150145508513,0.02,0.14142135623730945,0.02,0.14142135623730948
411,8.54,2.287588517301526,8.44,2.0420078154520733,0.02,0.14142135623730934,0.04,0.19794866372215744
412,8.58,2.3568398073587904,8.46,2.072265840640557,0.04,0.19794866372215744,0.02,0.14142135623730948
413,8.58,2.3568398073587904,8.58,2.1673834502478244,0.0,0.0,0.12,0.3854496446637728
414,8.58,2.3568398073587904,8.62,2.1654994239440564,0.0,0.0,0.04,0.19794866372215741
415,8.72,2.3477301239056154,8.66,2.2002782755360553,0.14,0.35050983275386544,0.04,0.19794866372215753
416,8.8,2.2946254863155735,8.68,2.1800580407926047,0.08,0.3404678653660855,0.02,0.14142135623730942
417,8.84,2.306689473364504,8.74,2.1928455095084622,0.04,0.19794866372215753,0.06,0.23989793748209529
418,8.86,2.285803569684777,8.74,2.1928455095084622,0.02,0.14142135623730936,0.0,0.0
419,8.9,2.242902638301083,8.84,2.2347898590887056,0.04,0.1979486637221575,0.1,0.30304576336566297
420,9.02,2.235976707556386,8.94,2.244358005564812,0.12,0.328260722659316,0.1,0.3642156795423417
421,9.04,2.240262375304304,8.98,2.2450853354082794,0.02,0.14142135623730945,0.04,0.19794866372215753
422,9.1,2.3057160559384244,9.02,2.2721921447925886,0.06,0.2398979374820953,0.04,0.1979486637221575
423,9.24,2.2638237473760348,9.08,2.302084237540993,0.14,0.4045657788144653,0.06,0.23989793748209529
424,9.32,2.235520301944977,9.14,2.2588601062464746,0.08,0.34046786536608525,0.06,0.23989793748209526
425,9.36,2.2293039089292765,9.16,2.3066894733645036,0.04,0.1979486637221575,0.02,0.1414213562373094
426,9.42,2.204725907347807,9.18,2.291866719777677,0.06,0.23989793748209526,0.02,0.14142135623730945
427,9.48,2.2336937469362357,9.2,2.2587697572631282,0.06,0.23989793748209529,0.02,0.14142135623730942
428,9.58,2.2231619328316676,9.3,2.2429026383010826,0.1,0.3030457633656632,0.1,0.3030457633656631
429,9.7,2.2519832529192065,9.38,2.2487184558938345,0.12,0.328260722659316,0.08,0.27404751561786983
430,9.7,2.2519832529192065,9.42,2.2775747932341344,0.0,0.0,0.04,0.19794866372215753
431,9.74,2.211380582720363,9.5,2.3495548861997895,0.04,0.19794866372215753,0.08,0.2740475156178697
432,9.74,2.211380582720363,9.56,2.2960480688987936,0.0,0.0,0.06,0.2398979374820952
433,9.76,2.190517597952314,9.6,2.338672220534986,0.02,0.14142135623730934,0.04,0.28284271247461884
434,9.78,2.197308186237452,9.66,2.335266448985019,0.02,0.14142135623730948,0.06,0.23989793748209529
435,9.84,2.2529798861390087,9.7,2.305716055938425,0.06,0.23989793748209529,0.04,0.19794866372215747
436,9.84,2.2529798861390087,9.8,2.3299294900428706,0.0,0.0,0.1,0.3030457633656629
437,9.86,2.2588601062464746,9.82,2.318426630457891,0.02,0.14142135623730934,0.02,0.14142135623730948
438,9.86,2.2588601062464746,9.84,2.315519953069121,0.0,0.0,0.02,0.1414213562373095
439,9.9,2.2879453397209955,9.86,2.303590808334869,0.04,0.1979486637221575,0.02,0.14142135623730948
440,9.92,2.293202021236699,9.86,2.303590808334869,0.02,0.1414213562373094,0.0,0.0
441,9.98,2.2631926158253814,9.94,2.333517971314766,0.06,0.23989793748209526,0.08,0.2740475156178699
442,10.04,2.249353648658808,9.96,2.3119918084735906,0.06,0.23989793748209529,0.02,0.1414213562373095
443,10.08,2.284285267577907,10.04,2.3208021132745453,0.04,0.1979486637221575,0.08,0.2740475156178699
444,10.18,2.2829447506879963,10.06,2.3247558572715477,0.1,0.30304576336566297,0.02,0.14142135623730945
445,10.2,2.3386722205349857,10.08,2.3372755812820065,0.02,0.14142135623730942,0.02,0.14142135623730945
446,10.22,2.332468255575047,10.14,2.3387594827958145,0.02,0.14142135623730945,0.06,0.23989793748209529
447,10.3,2.3321182453306437,10.2,2.321153829895989,0.08,0.27404751561786983,0.06,0.23989793748209529
448,10.36,2.3626342959346323,10.26,2.310667365388057,0.06,0.23989793748209526,0.06,0.23989793748209523
449,10.42,2.3568398073587904,10.3,2.3233508524700848,0.06,0.23989793748209529,0.04,0.19794866372215753
450,10.48,2.332030734561356,10.34,2.335266448985019,0.06,0.23989793748209526,0.04,0.19794866372215744
451,10.5,2.3321182453306437,10.4,2.338672220534986,0.02,0.14142135623730948,0.06,0.23989793748209523
452,10.58,2.321944997502863,10.46,2.349207421707176,0.08,0.2740475156178697,0.06,0.23989793748209526
453,10.72,2.3477301239056154,10.5,2.3408528011677054,0.14,0.4045657788144653,0.04,0.1979486637221575
454,10.78,2.3324682555750478,10.5,2.3408528011677054,0.06,0.2398979374820953,0.0,0.0
455,10.84,2.3849870576810526,10.56,2.3746965434491605,0.06,0.23989793748209529,0.06,0.23989793748209529
456,10.9,2.392590603492032,10.64,2.3969368207044974,0.06,0.23989793748209529,0.08,0.27404751561786966
457,10.94,2.436206485669129,10.74,2.513717468253758,0.04,0.19794866372215744,0.1,0.303045763365663
458,11.0,2.498979383505129,10.76,2.503548502034825,0.06,0.23989793748209526,0.02,0.14142135623730934
459,11.04,2.5068070593192973,10.82,2.545023154539632,0.04,0.19794866372215744,0.06,0.2398979374820953
460,11.06,2.494156435857746,10.86,2.51534068776184,0.02,0.14142135623730936,0.04,0.19794866372215744
461,11.12,2.471387282892104,10.88,2.5042005527040496,0.06,0.23989793748209529,0.02,0.1414213562373095
462,11.14,2.457890251780156,10.96,2.4822636147398263,0.02,0.14142135623730936,0.08,0.2740475156178698
463,11.14,2.457890251780156,10.98,2.486617241579904,0.0,0.0,0.02,0.14142135623730942
464,11.24,2.4206593805685865,11.0,2.5152595516655727,0.1,0.303045763365663,0.02,0.14142135623730936
465,11.26,2.431175074917057,11.02,2.56737776173055,0.02,0.14142135623730948,0.02,0.1414213562373094
466,11.28,2.4581393328271357,11.1,2.612763022595983,0.02,0.14142135623730936,0.08,0.27404751561786966
467,11.28,2.4581393328271357,11.2,2.6649654437396615,0.0,0.0,0.1,0.3030457633656631
468,11.32,2.5025701074809357,11.22,2.644130967147538,0.04,0.19794866372215744,0.02,0.14142135623730942
469,11.36,2.5455844122715714,11.24,2.6462140842327617,0.04,0.19794866372215741,0.02,0.1414213562373094
470,11.44,2.5806184988747747,11.3,2.7199189663799674,0.08,0.2740475156178699,0.06,0.2398979374820953
471,11.46,2.581013880834666,11.34,2.7075857157555077,0.02,0.1414213562373094,0.04,0.1979486637221574
472,11.58,2.499714269385889,11.4,2.7180425129200647,0.12,0.3282607226593161,0.06,0.2398979374820953
473,11.64,2.4723780174610215,11.44,2.6966343346278676,0.06,0.23989793748209526,0.04,0.1979486637221575
474,11.68,2.4614580049645536,11.52,2.7348096228932253,0.04,0.19794866372215753,0.08,0.2740475156178697
475,11.76,2.4541510024562756,11.58,2.755995320039864,0.08,0.27404751561786983,0.06,0.23989793748209526
476,11.8,2.4243661069253064,11.62,2.7396558699432094,0.04,0.19794866372215744,0.04,0.19794866372215747
477,11.82,2.413313413681087,11.7,2.757179866516969,0.02,0.14142135623730942,0.08,0.27404751561786994
478,11.88,2.438132440192363,11.74,2.724117531702811,0.06,0.23989793748209526,0.04,0.19794866372215747
479,11.9,2.4598821939603663,11.74,2.724117531702811,0.02,0.1414213562373094,0.0,0.0
480,12.0,2.424366106925306,11.78,2.7722384678178362,0.1,0.30304576336566313,0.04,0.19794866372215744
481,12.04,2.4408095010484057,11.82,2.7456087388662604,0.04,0.19794866372215753,0.04,0.1979486637221575
482,12.08,2.423018862527336,11.88,2.715338141832394,0.04,0.19794866372215744,0.06,0.23989793748209526
483,12.12,2.4548161741726395,11.9,2.7124053637210754,0.04,0.19794866372215744,0.02,0.1414213562373095
484,12.12,2.4548161741726395,11.94,2.7060778153735985,0.0,0.0,0.04,0.19794866372215744
485,12.18,2.4635299047985466,12.0,2.7330180671012845,0.06,0.23989793748209526,0.06,0.2398979374820953
486,12.18,2.4635299047985466,12.02,2.7292071062071184,0.0,0.0,0.02,0.14142135623730942
487,12.2,2.4159335036125382,12.02,2.7292071062071184,0.02,0.14142135623730934,0.0,0.0
488,12.24,2.420659380568586,12.1,2.7423362600646386,0.04,0.1979486637221575,0.08,0.2740475156178697
489,12.26,2.4058601923856924,12.12,2.7002645373052934,0.02,0.1414213562373095,0.02,0.14142135623730942
490,12.28,2.4414783076100868,12.22,2.7051726716927837,0.02,0.14142135623730942,0.1,0.30304576336566297
491,12.3,2.4264696787804323,12.26,2.7315989187765517,0.02,0.14142135623730936,0.04,0.19794866372215747
492,12.38,2.4234399568567397,12.36,2.7609522166921225,0.08,0.2740475156178697,0.1,0.3030457633656631
493,12.38,2.4234399568567397,12.38,2.761912972073183,0.0,0.0,0.02,0.1414213562373094
494,12.44,2.348773018807384,12.42,2.82185349422275,0.06,0.23989793748209529,0.04,0.19794866372215753
495,12.5,2.366863075111556,12.42,2.82185349422275,0.06,0.31363569143000175,0.0,0.0
496,12.54,2.392249389770461,12.44,2.8439696315724126,0.04,0.19794866372215744,0.02,0.1414213562373094
497,12.56,2.39182280416644,12.52,2.8011659380059752,0.02,0.14142135623730936,0.08,0.2740475156178699
498,12.56,2.39182280416644,12.54,2.822721222870019,0.0,0.0,0.02,0.14142135623730948
499,12.56,2.39182280416644,12.56,2.8725299948701273,0.0,0.0,0.02,0.1414213562373094
500,12.64,2.371256448142449,12.6,2.8212025225902146,0.08,0.27404751561786994,0.04,0.1979486637221575
501,12.66,2.3439892735005663,12.68,2.8316001101273933,0.02,0.14142135623730945,0.08,0.27404751561786966
502,12.7,2.3145502494313783,12.7,2.8374320094344574,0.04,0.19794866372215744,0.02,0.1414213562373094
503,12.74,2.310667365388058,12.74,2.7980313779221158,0.04,0.1979486637221575,0.04,0.28284271247461895
504,12.74,2.310667365388058,12.76,2.7962073439221347,0.0,0.0,0.02,0.14142135623730936
505,12.82,2.291866719777677,12.8,2.835633320182745,0.08,0.2740475156178699,0.04,0.1979486637221575
506,12.86,2.3212417507244094,12.84,2.823805508709905,0.04,0.1979486637221575,0.04,0.1979486637221575
507,12.92,2.363325225704025,12.86,2.792190274786489,0.06,0.2398979374820953,0.02,0.14142135623730945
508,12.92,2.363325225704025,12.9,2.786629886161595,0.0,0.0,0.04,0.19794866372215744
509,13.0,2.356060357495806,12.9,2.786629886161595,0.08,0.2740475156178697,0.0,0.0
510,13.06,2.3335179713147656,12.9,2.786629886161595,0.06,0.23989793748209529,0.0,0.0
511,13.14,2.4244502848426213,12.92,2.8055338900400524,0.08,0.2740475156178697,0.02,0.1414213562373094
512,13.14,2.4244502848426213,12.94,2.80967715481436,0.0,0.0,0.02,0.14142135623730945
513,13.2,2.4578072191550366,12.94,2.80967715481436,0.06,0.23989793748209526,0.0,0.0
514,13.22,2.468495369198634,12.96,2.8209131536451393,0.02,0.14142135623730948,0.02,0.14142135623730942
515,13.26,2.472790706378326,12.96,2.8209131536451393,0.04,0.19794866372215747,0.0,0.0
516,13.26,2.472790706378326,13.02,2.8606407160149367,0.0,0.0,0.06,0.31363569143000186
517,13.3,2.4681646490244282,13.1,2.8943999413364017,0.04,0.19794866372215744,0.08,0.34046786536608525
518,13.32,2.461458004964554,13.12,2.868833226528278,0.02,0.14142135623730945,0.02,0.14142135623730945
519,13.32,2.461458004964554,13.14,2.8714641078113767,0.0,0.0,0.02,0.14142135623730936
520,13.34,2.4876019105367564,13.18,2.8261894732617474,0.02,0.14142135623730936,0.04,0.19794866372215744
521,13.38,2.4898979570927584,13.24,2.8611400610560107,0.04,0.1979486637221575,0.06,0.23989793748209526
522,13.4,2.490799396308957,13.28,2.8929188705936304,0.02,0.14142135623730936,0.04,0.1979486637221575
523,13.4,2.490799396308957,13.3,2.9014422873699863,0.0,0.0,0.02,0.14142135623730945
524,13.42,2.499714269385889,13.36,2.9050273102794377,0.02,0.14142135623730936,0.06,0.2398979374820953
525,13.44,2.4921099985550317,13.4,2.871393034605968,0.02,0.14142135623730936,0.04,0.19794866372215747
526,13.44,2.4921099985550317,13.4,2.871393034605968,0.0,0.0,0.0,0.0
527,13.46,2.476089741540735,13.4,2.871393034605968,0.02,0.1414213562373095,0.0,0.0
528,13.5,2.509166867178614,13.44,2.879625826033512,0.04,0.19794866372215753,0.04,0.1979486637221575
529,13.54,2.476089741540735,13.44,2.879625826033512,0.04,0.1979486637221575,0.0,0.0
530,13.54,2.476089741540735,13.46,2.8728852026760654,0.0,0.0,0.02,0.14142135623730948
531,13.58,2.4502394718450997,13.48,2.8730983062803506,0.04,0.1979486637221575,0.02,0.14142135623730934
532,13.6,2.4660966430902955,13.52,2.8373600837570754,0.02,0.14142135623730942,0.04,0.1979486637221575
533,13.66,2.446238261628057,13.58,2.829076433995334,0.06,0.23989793748209526,0.06,0.2398979374820953
534,13.7,2.4515717573900733,13.6,2.864276807966202,0.04,0.1979486637221575,0.02,0.1414213562373094
535,13.74,2.4143279793426444,13.64,2.855428056834054,0.04,0.1979486637221575,0.04,0.19794866372215753
536,13.76,2.4458210924608794,13.68,2.853140053215983,0.02,0.14142135623730948,0.04,0.19794866372215753
537,13.78,2.451904715663698,13.7,2.8589280137413575,0.02,0.14142135623730936,0.02,0.14142135623730936
538,13.82,2.446905584360686,13.72,2.8574285571442846,0.04,0.1979486637221575,0.02,0.14142135623730936
539,13.82,2.446905584360686,13.74,2.8486301756372345,0.0,0.0,0.02,0.1414213562373095
540,13.88,2.463115664257406,13.76,2.8396608018190754,0.06,0.23989793748209529,0.02,0.1414213562373095
541,13.88,2.463115664257406,13.76,2.8396608018190754,0.0,0.0,0.0,0.0
542,13.9,2.4515717573900733,13.8,2.8642768079662035,0.02,0.14142135623730936,0.04,0.1979486637221575
543,13.94,2.4777376119091765,13.84,2.8668406844824985,0.04,0.1979486637221575,0.04,0.1979486637221575
544,13.98,2.4948109412645008,13.84,2.8668406844824985,0.04,0.19794866372215744,0.0,0.0
545,14.02,2.4948109412645003,13.86,2.885643563489816,0.04,0.1979486637221575,0.02,0.14142135623730945
546,14.06,2.44456915781635,13.88,2.8688332265282783,0.04,0.1979486637221575,0.02,0.14142135623730936
547,14.12,2.446488528983731,13.88,2.8688332265282783,0.06,0.23989793748209529,0.0,0.0
548,14.16,2.41052115628508,13.88,2.8688332265282783,0.04,0.19794866372215753,0.0,0.0
549,14.2,2.3989793748209527,13.96,2.941331088372843,0.04,0.1979486637221575,0.08,0.27404751561786983
550,14.2,2.3989793748209527,13.98,2.958833195290168,0.0,0.0,0.02,0.14142135623730936
551,14.22,2.384387997463705,14.02,2.972595924543437,0.02,0.14142135623730942,0.04,0.19794866372215744
552,14.24,2.3781316624782645,14.04,2.955175328891638,0.02,0.14142135623730948,0.02,0.14142135623730945
553,14.24,2.3781316624782645,14.08,2.968130037307555,0.0,0.0,0.04,0.19794866372215741
554,14.24,2.3781316624782645,14.12,2.9736255614303286,0.0,0.0,0.04,0.19794866372215741
555,14.24,2.3781316624782645,14.12,2.9736255614303286,0.0,0.0,0.0,0.0
556,14.26,2.388834571971215,14.12,2.9736255614303286,0.02,0.14142135623730942,0.0,0.0
557,14.3,2.366863075111556,14.14,2.955520604025005,0.04,0.1979486637221575,0.02,0.1414213562373095
558,14.34,2.387125331217189,14.14,2.955520604025005,0.04,0.19794866372215753,0.0,0.0
559,14.36,2.353980562748113,14.14,2.955520604025005,0.02,0.1414213562373095,0.0,0.0
560,14.4,2.356060357495806,14.16,2.9371650916334624,0.04,0.19794866372215744,0.02,0.14142135623730934
561,14.4,2.356060357495806,14.16,2.9371650916334624,0.0,0.0,0.0,0.0
562,14.42,2.399744884400023,14.18,2.897500682326345,0.02,0.14142135623730942,0.02,0.14142135623730942
563,14.42,2.399744884400023,14.22,2.9227468209873817,0.0,0.0,0.04,0.1979486637221575
564,14.42,2.399744884400023,14.22,2.9227468209873817,0.0,0.0,0.0,0.0
565,14.44,2.450822435886553,14.22,2.9227468209873817,0.02,0.14142135623730942,0.0,0.0
566,14.44,2.450822435886553,14.22,2.9227468209873817,0.0,0.0,0.0,0.0
567,14.46,2.442898913594424,14.26,2.988481287905826,0.02,0.14142135623730936,0.04,0.1979486637221575
568,14.48,2.3925053046238083,14.28,2.969504871804972,0.02,0.14142135623730934,0.02,0.14142135623730942
569,14.48,2.3925053046238083,14.32,2.9653784560752277,0.0,0.0,0.04,0.1979486637221575
570,14.5,2.392590603492032,14.34,2.973419662576394,0.02,0.14142135623730945,0.02,0.14142135623730942
571,14.52,2.3667768490208836,14.34,2.973419662576394,0.02,0.1414213562373095,0.0,0.0
572,14.52,2.3667768490208836,14.38,2.982192044076823,0.0,0.0,0.04,0.19794866372215744
573,14.52,2.3667768490208836,14.38,2.982192044076823,0.0,0.0,0.0,0.0
574,14.54,2.366518151898545,14.4,3.0438965360946453,0.02,0.14142135623730942,0.02,0.14142135623730934
575,14.54,2.366518151898545,14.4,3.0438965360946453,0.0,0.0,0.0,0.0
576,14.54,2.366518151898545,14.42,3.057877081391265,0.0,0.0,0.02,0.14142135623730942
577,14.54,2.366518151898545,14.5,2.9846546308251685,0.0,0.0,0.08,0.2740475156178698
578,14.54,2.366518151898545,14.56,2.9634508290718333,0.0,0.0,0.06,0.23989793748209526
579,14.54,2.366518151898545,14.64,2.9744490143176954,0.0,0.0,0.08,0.2740475156178699
580,14.62,2.363756954252173,14.64,2.9744490143176954,0.08,0.2740475156178698,0.0,0.0
581,14.64,2.3969368207044965,14.66,2.9596607637928183,0.02,0.14142135623730948,0.02,0.14142135623730945
582,14.64,2.3969368207044965,14.66,2.9596607637928183,0.0,0.0,0.0,0.0
583,14.66,2.41263679954746,14.68,2.965378456075227,0.02,0.14142135623730948,0.02,0.14142135623730945
584,14.66,2.41263679954746,14.7,2.9571773634977787,0.0,0.0,0.02,0.14142135623730942
585,14.66,2.41263679954746,14.74,3.0156733434318976,0.0,0.0,0.04,0.1979486637221575
586,14.68,2.3942107045870427,14.78,3.0121522578531454,0.02,0.1414213562373094,0.04,0.19794866372215753
587,14.68,2.3942107045870427,14.8,3.0101867865293546,0.0,0.0,0.02,0.1414213562373095
588,14.72,2.407810420362899,14.82,2.9944847262108736,0.04,0.1979486637221575,0.02,0.14142135623730942
589,14.74,2.3973624963228883,14.84,2.9717032840045228,0.02,0.1414213562373094,0.02,0.14142135623730942
590,14.76,2.4037385847203656,14.86,2.9624176557917936,0.02,0.14142135623730945,0.02,0.14142135623730942
591,14.8,2.3647064796066934,14.86,2.9624176557917936,0.04,0.19794866372215753,0.0,0.0
592,14.8,2.3647064796066934,14.9,2.9502680611519123,0.0,0.0,0.04,0.1979486637221575
593,14.86,2.407556132390737,14.9,2.9502680611519123,0.06,0.2398979374820953,0.0,0.0
594,14.9,2.4264696787804323,14.94,2.9651719845498317,0.04,0.19794866372215744,0.04,0.1979486637221575
595,14.92,2.4398059474524794,14.94,2.9651719845498317,0.02,0.14142135623730948,0.0,0.0
596,14.94,2.4529033193090903,14.96,2.948261334746156,0.02,0.14142135623730942,0.02,0.1414213562373095
597,14.94,2.4529033193090903,14.98,2.938068225545347,0.0,0.0,0.02,0.14142135623730942
598,14.94,2.4529033193090903,14.98,2.938068225545347,0.0,0.0,0.0,0.0
599,14.96,2.424029366024046,15.0,2.9346626548820196,0.02,0.14142135623730948,0.02,0.14142135623730942
600,14.98,2.4284873935040645,15.0,2.9346626548820196,0.02,0.14142135623730936,0.0,0.0
601,14.98,2.4284873935040645,15.0,2.9346626548820196,0.0,0.0,0.0,0.0
602,14.98,2.4284873935040645,15.02,2.9380682255453476,0.0,0.0,0.02,0.14142135623730948
603,15.02,2.445236936059447,15.04,2.9274213769745128,0.04,0.1979486637221575,0.02,0.14142135623730945
604,15.02,2.445236936059447,15.04,2.9274213769745128,0.0,0.0,0.0,0.0
605,15.08,2.4061146595916916,15.04,2.9274213769745128,0.06,0.23989793748209526,0.0,0.0
606,15.1,2.4180444114015365,15.04,2.9274213769745128,0.02,0.1414213562373094,0.0,0.0
607,15.1,2.4180444114015365,15.04,2.9274213769745128,0.0,0.0,0.0,0.0
608,15.12,2.4128905520819903,15.06,2.9095900545805917,0.02,0.14142135623730934,0.02,0.14142135623730948
609,15.12,2.4128905520819903,15.1,2.887340418772534,0.0,0.0,0.04,0.19794866372215747
610,15.12,2.4128905520819903,15.1,2.887340418772534,0.0,0.0,0.0,0.0
611,15.24,2.4290755779236894,15.12,2.9041841736167004,0.12,0.32826072265931605,0.02,0.1414213562373094
612,15.26,2.380276094429864,15.14,2.90678305951821,0.02,0.14142135623730934,0.02,0.14142135623730942
613,15.26,2.380276094429864,15.16,2.8739505626810447,0.0,0.0,0.02,0.14142135623730942
614,15.26,2.380276094429864,15.16,2.8739505626810447,0.0,0.0,0.0,0.0
615,15.26,2.380276094429864,15.16,2.8739505626810447,0.0,0.0,0.0,0.0
616,15.32,2.377101647994456,15.16,2.8739505626810447,0.06,0.23989793748209523,0.0,0.0
617,15.32,2.377101647994456,15.16,2.8739505626810447,0.0,0.0,0.0,0.0
618,15.34,2.3785607035365235,15.16,2.8739505626810447,0.02,0.14142135623730934,0.0,0.0
619,15.34,2.3785607035365235,15.16,2.8739505626810447,0.0,0.0,0.0,0.0
620,15.36,2.3712564481424496,15.18,2.8620671849955883,0.02,0.14142135623730945,0.02,0.14142135623730948
621,15.36,2.3712564481424496,15.2,2.8713930346059686,0.0,0.0,0.02,0.14142135623730942
622,15.38,2.346425853444827,15.2,2.8713930346059686,0.02,0.14142135623730942,0.0,0.0
623,15.38,2.346425853444827,15.2,2.8713930346059686,0.0,0.0,0.0,0.0
624,15.4,2.3386722205349857,15.22,2.866342332546297,0.02,0.14142135623730936,0.02,0.14142135623730942
625,15.4,2.3386722205349857,15.24,2.8324648528899954,0.0,0.0,0.02,0.14142135623730948
626,15.4,2.3386722205349857,15.26,2.812581064591377,0.0,0.0,0.02,0.1414213562373094
627,15.4,2.3386722205349857,15.26,2.812581064591377,0.0,0.0,0.0,0.0
628,15.4,2.3386722205349857,15.3,2.808514750191071,0.0,0.0,0.04,0.19794866372215744
629,15.42,2.3131390457337315,15.32,2.765974013778502,0.02,0.14142135623730934,0.02,0.14142135623730942
630,15.42,2.3131390457337315,15.36,2.775696272274466,0.0,0.0,0.04,0.19794866372215753
631,15.42,2.3131390457337315,15.42,2.778121520681461,0.0,0.0,0.06,0.23989793748209529
632,15.42,2.3131390457337315,15.42,2.778121520681461,0.0,0.0,0.0,0.0
633,15.44,2.3137565532603257,15.42,2.778121520681461,0.02,0.14142135623730942,0.0,0.0
634,15.46,2.314197529184065,15.42,2.778121520681461,0.02,0.14142135623730945,0.0,0.0
635,15.48,2.3056275430665156,15.42,2.778121520681461,0.02,0.1414213562373095,0.0,0.0
636,15.48,2.3056275430665156,15.44,2.778635695180391,0.0,0.0,0.02,0.1414213562373095
637,15.48,2.3056275430665156,15.46,2.786336926753072,0.0,0.0,0.02,0.1414213562373095
638,15.48,2.3056275430665156,15.48,2.7865566491969385,0.0,0.0,0.02,0.1414213562373094
639,15.48,2.3056275430665156,15.5,2.793943887943992,0.0,0.0,0.02,0.14142135623730948
640,15.5,2.3233508524700848,15.52,2.793870842704487,0.02,0.14142135623730942,0.02,0.14142135623730945
641,15.5,2.3233508524700848,15.52,2.793870842704487,0.0,0.0,0.0,0.0
642,15.5,2.3233508524700848,15.56,2.822359701688339,0.0,0.0,0.04,0.1979486637221575
643,15.54,2.3229994684915978,15.56,2.822359701688339,0.04,0.1979486637221575,0.0,0.0
644,15.56,2.32256016376018,15.56,2.822359701688339,0.02,0.1414213562373095,0.0,0.0
645,15.56,2.32256016376018,15.56,2.822359701688339,0.0,0.0,0.0,0.0
646,15.58,2.321944997502863,15.58,2.8506354465240893,0.02,0.14142135623730942,0.02,0.14142135623730948
647,15.62,2.3809619047428567,15.62,2.8989090136442286,0.04,0.19794866372215744,0.04,0.19794866372215753
648,15.64,2.3884073764578706,15.62,2.8989090136442286,0.02,0.14142135623730945,0.0,0.0
649,15.66,2.3956593400292507,15.62,2.8989090136442286,0.02,0.14142135623730942,0.0,0.0
650,15.72,2.3822472669343804,15.62,2.8989090136442286,0.06,0.23989793748209526,0.0,0.0
651,15.72,2.3822472669343804,15.62,2.8989090136442286,0.0,0.0,0.0,0.0
652,15.74,2.371686732935797,15.62,2.8989090136442286,0.02,0.1414213562373094,0.0,0.0
653,15.76,2.386697829766526,15.62,2.8989090136442286,0.02,0.14142135623730948,0.0,0.0
654,15.76,2.386697829766526,15.62,2.8989090136442286,0.0,0.0,0.0,0.0
655,15.76,2.386697829766526,15.62,2.8989090136442286,0.0,0.0,0.0,0.0
656,15.76,2.386697829766526,15.64,2.9050273102794386,0.0,0.0,0.02,0.14142135623730945
657,15.78,2.392931768559144,15.68,2.916805633229751,0.02,0.1414213562373094,0.04,0.19794866372215744
658,15.8,2.3819045715047245,15.68,2.916805633229751,0.02,0.1414213562373094,0.0,0.0
659,15.82,2.3792470083054873,15.68,2.916805633229751,0.02,0.1414213562373094,0.0,0.0
660,15.84,2.3849870576810526,15.7,2.91547594742265,0.02,0.14142135623730942,0.02,0.14142135623730942
661,15.84,2.3849870576810526,15.7,2.91547594742265,0.0,0.0,0.0,0.0
662,15.84,2.3849870576810526,15.7,2.91547594742265,0.0,0.0,0.0,0.0
663,15.84,2.3849870576810526,15.72,2.9069936781661485,0.0,0.0,0.02,0.1414213562373095
664,15.88,2.3529399759900897,15.72,2.9069936781661485,0.04,0.1979486637221575,0.0,0.0
665,15.88,2.3529399759900897,15.72,2.9069936781661485,0.0,0.0,0.0,0.0
666,15.88,2.3529399759900897,15.74,2.9123943442340594,0.0,0.0,0.02,0.14142135623730948
667,15.88,2.3529399759900897,15.74,2.9123943442340594,0.0,0.0,0.0,0.0
668,15.88,2.3529399759900897,15.76,2.9246314960615294,0.0,0.0,0.02,0.1414213562373094
669,15.94,2.376844074629642,15.76,2.9246314960615294,0.06,0.2398979374820953,0.0,0.0
670,15.96,2.35571385255129,15.78,2.936678673715098,0.02,0.14142135623730942,0.02,0.14142135623730948
671,15.98,2.4031441989228046,15.82,2.953310145637693,0.02,0.14142135623730942,0.04,0.19794866372215744
672,15.98,2.4031441989228046,15.82,2.953310145637693,0.0,0.0,0.0,0.0
673,16.0,2.424366106925306,15.84,2.964827833388079,0.02,0.14142135623730942,0.02,0.14142135623730948
674,16.0,2.424366106925306,15.86,2.955520604025005,0.0,0.0,0.02,0.14142135623730936
675,16.0,2.424366106925306,15.86,2.955520604025005,0.0,0.0,0.0,0.0
676,16.02,2.4618725244274153,15.86,2.955520604025005,0.02,0.14142135623730934,0.0,0.0
677,16.02,2.4618725244274153,15.86,2.955520604025005,0.0,0.0,0.0,0.0
678,16.04,2.465765601187591,15.86,2.955520604025005,0.02,0.14142135623730936,0.0,0.0
679,16.04,2.465765601187591,15.9,2.9778090836679763,0.0,0.0,0.04,0.1979486637221575
680,16.04,2.465765601187591,15.94,3.0129651812912597,0.0,0.0,0.04,0.1979486637221575
681,16.06,2.4777376119091765,15.94,3.0129651812912597,0.02,0.14142135623730945,0.0,0.0
682,16.06,2.4777376119091765,15.94,3.0129651812912597,0.0,0.0,0.0,0.0
683,16.06,2.4777376119091765,15.94,3.0129651812912597,0.0,0.0,0.0,0.0
684,16.06,2.4777376119091765,15.96,3.00312762136478,0.0,0.0,0.02,0.14142135623730948
685,16.06,2.4777376119091765,15.96,3.00312762136478,0.0,0.0,0.0,0.0
686,16.08,2.4730382866722747,15.96,3.00312762136478,0.02,0.14142135623730945,0.0,0.0
687,16.08,2.4730382866722747,15.98,2.999931972017815,0.0,0.0,0.02,0.14142135623730948
688,16.1,2.5091668671786143,15.98,2.999931972017815,0.02,0.14142135623730936,0.0,0.0
689,16.1,2.5091668671786143,15.98,2.999931972017815,0.0,0.0,0.0,0.0
690,16.1,2.5091668671786143,15.98,2.999931972017815,0.0,0.0,0.0,0.0
691,16.12,2.4713872828921035,15.98,2.999931972017815,0.02,0.14142135623730942,0.0,0.0
692,16.12,2.4713872828921035,15.98,2.999931972017815,0.0,0.0,0.0,0.0
693,16.12,2.4713872828921035,15.98,2.999931972017815,0.0,0.0,0.0,0.0
694,16.12,2.4713872828921035,15.98,2.999931972017815,0.0,0.0,0.0,0.0
695,16.12,2.4713872828921035,15.98,2.999931972017815,0.0,0.0,0.0,0.0
696,16.12,2.4713872828921035,15.98,2.999931972017815,0.0,0.0,0.0,0.0
697,16.12,2.4713872828921035,16.0,3.0169588688489823,0.0,0.0,0.02,0.1414213562373094
698,16.12,2.4713872828921035,16.02,2.9999319720178153,0.0,0.0,0.02,0.14142135623730948
699,16.16,2.5503901262195883,16.02,2.9999319720178153,0.04,0.19794866372215744,0.0,0.0
700,16.16,2.5503901262195883,16.02,2.9999319720178153,0.0,0.0,0.0,0.0
701,16.18,2.553029413005943,16.04,2.9963242787911777,0.02,0.14142135623730936,0.02,0.14142135623730936
702,16.18,2.553029413005943,16.06,2.9582813543387947,0.0,0.0,0.02,0.14142135623730942
703,16.18,2.553029413005943,16.06,2.9582813543387947,0.0,0.0,0.0,0.0
704,16.22,2.5498299263012085,16.06,2.9582813543387947,0.04,0.19794866372215741,0.0,0.0
705,16.26,2.561966719024226,16.06,2.9582813543387947,0.04,0.1979486637221575,0.0,0.0
706,16.28,2.563798202762805,16.06,2.9582813543387947,0.02,0.14142135623730934,0.0,0.0
707,16.28,2.563798202762805,16.06,2.9582813543387947,0.0,0.0,0.0,0.0
708,16.28,2.563798202762805,16.06,2.9582813543387947,0.0,0.0,0.0,0.0
709,16.28,2.563798202762805,16.06,2.9582813543387947,0.0,0.0,0.0,0.0
710,16.28,2.563798202762805,16.06,2.9582813543387947,0.0,0.0,0.0,0.0
711,16.28,2.563798202762805,16.06,2.9582813543387947,0.0,0.0,0.0,0.0
712,16.28,2.563798202762805,16.06,2.9582813543387947,0.0,0.0,0.0,0.0
713,16.28,2.563798202762805,16.08,2.9886861491229193,0.0,0.0,0.02,0.14142135623730948
714,16.3,2.604940361258638,16.1,2.9778090836679754,0.02,0.14142135623730936,0.02,0.1414213562373094
715,16.3,2.604940361258638,16.1,2.9778090836679754,0.0,0.0,0.0,0.0
716,16.32,2.598586743063331,16.12,2.9941439442992177,0.02,0.14142135623730936,0.02,0.14142135623730945
717,16.32,2.598586743063331,16.14,2.9966648127543403,0.0,0.0,0.02,0.14142135623730945
718,16.34,2.6077592226402544,16.18,2.9808230612448265,0.02,0.14142135623730936,0.04,0.1979486637221575
719,16.34,2.6077592226402544,16.18,2.9808230612448265,0.0,0.0,0.0,0.0
720,16.34,2.6077592226402544,16.2,2.955451552225315,0.0,0.0,0.02,0.14142135623730936
721,16.36,2.6089328493169184,16.22,2.9227468209873813,0.02,0.14142135623730945,0.02,0.14142135623730936
722,16.4,2.641891715558134,16.22,2.9227468209873813,0.04,0.19794866372215744,0.0,0.0
723,16.4,2.641891715558134,16.22,2.9227468209873813,0.0,0.0,0.0,0.0
724,16.42,2.6502984044543103,16.22,2.9227468209873813,0.02,0.1414213562373094,0.0,0.0
725,16.42,2.6502984044543103,16.24,2.9176451225645126,0.0,0.0,0.02,0.1414213562373094
726,16.44,2.681455590091444,16.24,2.9176451225645126,0.02,0.14142135623730942,0.0,0.0
727,16.46,2.6665731276111586,16.3,2.9084675816431895,0.02,0.14142135623730942,0.06,0.23989793748209526
728,16.46,2.6665731276111586,16.32,2.909800470051203,0.0,0.0,0.02,0.14142135623730934
729,16.5,2.674520746692722,16.34,2.9109925370945917,0.04,0.1979486637221575,0.02,0.1414213562373095
730,16.52,2.643745024600905,16.34,2.9109925370945917,0.02,0.14142135623730945,0.0,0.0
731,16.52,2.643745024600905,16.34,2.9109925370945917,0.0,0.0,0.0,0.0
732,16.52,2.643745024600905,16.38,2.926933339779061,0.0,0.0,0.04,0.1979486637221575
733,16.58,2.6193160035647893,16.4,2.9485382057928997,0.06,0.23989793748209523,0.02,0.14142135623730936
734,16.58,2.6193160035647893,16.44,2.9427184433334252,0.0,0.0,0.04,0.19794866372215744
735,16.58,2.6193160035647893,16.44,2.9427184433334252,0.0,0.0,0.0,0.0
736,16.62,2.6333031945231293,16.48,2.9571083503852824,0.04,0.1979486637221575,0.04,0.1979486637221575
737,16.66,2.638877312303047,16.48,2.9571083503852824,0.04,0.1979486637221575,0.0,0.0
738,16.68,2.637562263507261,16.52,2.970879070069933,0.02,0.14142135623730936,0.04,0.19794866372215747
739,16.7,2.636091726749419,16.54,2.977534934423823,0.02,0.14142135623730945,0.02,0.14142135623730934
740,16.72,2.6111222077247667,16.56,2.98403917466215,0.02,0.1414213562373095,0.02,0.14142135623730936
741,16.76,2.599528999724404,16.58,2.9698484809835004,0.04,0.19794866372215747,0.02,0.1414213562373094
742,16.8,2.571428571428572,16.66,2.99393945653344,0.04,0.19794866372215744,0.08,0.2740475156178697
743,16.82,2.584806470472387,16.66,2.99393945653344,0.02,0.14142135623730942,0.0,0.0
744,16.82,2.584806470472387,16.76,2.9524116741873163,0.0,0.0,0.1,0.30304576336566297
745,16.86,2.5952075140181616,16.78,2.971222520328313,0.04,0.19794866372215744,0.02,0.14142135623730945
746,16.9,2.6127630225959826,16.8,2.9692299558323616,0.04,0.19794866372215753,0.02,0.14142135623730942
747,16.96,2.6338456403409176,16.88,2.946045429634341,0.06,0.23989793748209529,0.08,0.2740475156178697
748,16.98,2.6379491106168222,16.88,2.946045429634341,0.02,0.1414213562373094,0.0,0.0
749,17.04,2.679932987282804,16.92,2.947430565556297,0.06,0.2398979374820953,0.04,0.2828427124746189
750,17.06,2.668103354483121,16.98,2.931113878959426,0.02,0.1414213562373094,0.06,0.2398979374820953
751,17.1,2.6821404793597985,17.0,2.9416086117105715,0.04,0.19794866372215744,0.02,0.14142135623730936
752,17.14,2.7030594910665395,17.04,2.941331088372843,0.04,0.1979486637221575,0.04,0.1979486637221575
753,17.2,2.6878411031752547,17.1,2.957177363497778,0.06,0.2398979374820953,0.06,0.23989793748209526
754,17.28,2.763021120854074,17.18,2.9602123475955477,0.08,0.2740475156178699,0.08,0.2740475156178699
755,17.32,2.788021022964102,17.26,3.062678566222711,0.04,0.19794866372215744,0.08,0.34046786536608525
756,17.36,2.7461290009385793,17.34,3.021082384760502,0.04,0.1979486637221575,0.08,0.3404678653660854
757,17.4,2.725540575476988,17.44,3.0180409918639985,0.04,0.1979486637221575,0.1,0.3030457633656631
758,17.42,2.703663425496478,17.46,3.0183790757454494,0.02,0.14142135623730948,0.02,0.14142135623730942
759,17.44,2.7267383521006057,17.52,2.9640017075651253,0.02,0.14142135623730948,0.06,0.23989793748209526
760,17.52,2.7422618401604173,17.58,2.9352884640775843,0.08,0.27404751561786983,0.06,0.23989793748209523
761,17.56,2.7192435923038807,17.64,2.876789593861001,0.04,0.1979486637221575,0.06,0.2398979374820953
762,17.64,2.701171325668227,17.72,2.8999648132981437,0.08,0.27404751561786966,0.08,0.27404751561786966
763,17.68,2.706304053991911,17.76,2.896584899779852,0.04,0.1979486637221575,0.04,0.19794866372215744
764,17.72,2.7630211208540745,17.76,2.896584899779852,0.04,0.1979486637221575,0.0,0.0
765,17.76,2.788899278151412,17.78,2.8946819641317063,0.04,0.19794866372215744,0.02,0.1414213562373095
766,17.84,2.7207441959125513,17.94,2.944451717785053,0.08,0.27404751561786983,0.16,0.3703280399090204
767,17.92,2.761543490329202,18.04,2.913445256960584,0.08,0.2740475156178699,0.1,0.3030457633656631
768,17.98,2.7883869962428682,18.08,2.926584691954715,0.06,0.23989793748209526,0.04,0.19794866372215744
769,18.04,2.7327193602784785,18.08,2.926584691954715,0.06,0.2398979374820953,0.0,0.0
770,18.14,2.7627995266558516,18.12,2.9598676197645415,0.1,0.3030457633656631,0.04,0.1979486637221575
771,18.2,2.733018067101285,18.24,2.9524116741873154,0.06,0.2398979374820953,0.12,0.3282607226593161
772,18.26,2.790728088744248,18.24,2.9524116741873154,0.06,0.2398979374820953,0.0,0.0
773,18.28,2.7924095366561397,18.28,2.9695048718049715,0.02,0.14142135623730945,0.04,0.19794866372215741
774,18.32,2.773342490827372,18.32,2.9927804286110846,0.04,0.19794866372215744,0.04,0.19794866372215741
775,18.44,2.7786356951803906,18.38,2.9684738056270397,0.12,0.328260722659316,0.06,0.23989793748209529
776,18.44,2.7786356951803906,18.48,3.0387967543561896,0.0,0.0,0.1,0.303045763365663
777,18.52,2.727337043150108,18.48,3.0387967543561896,0.08,0.27404751561786983,0.0,0.0
778,18.56,2.673833905668421,18.54,3.0318715173897433,0.04,0.19794866372215744,0.06,0.23989793748209526
779,18.58,2.7262143895811253,18.6,2.982944716831586,0.02,0.14142135623730942,0.06,0.23989793748209529
780,18.66,2.7819388335240918,18.7,2.9502680611519114,0.08,0.27404751561786983,0.1,0.3030457633656632
781,18.76,2.744642276233789,18.72,2.962624319272163,0.1,0.3030457633656631,0.02,0.14142135623730934
782,18.84,2.6981475126464085,18.82,2.939457120501217,0.08,0.2740475156178698,0.1,0.3030457633656631
783,18.92,2.694211482086008,18.9,2.9640705601780613,0.08,0.3404678653660855,0.08,0.27404751561786983
784,19.0,2.6649654437396615,18.94,2.9720466390165887,0.08,0.2740475156178698,0.04,0.19794866372215744
785,19.08,2.7615434903292027,18.94,2.9720466390165887,0.08,0.27404751561786983,0.0,0.0
786,19.18,2.7530317240216085,19.0,3.0169588688489823,0.1,0.3030457633656632,0.06,0.23989793748209529
787,19.18,2.7530317240216085,19.0,3.0169588688489823,0.0,0.0,0.0,0.0
788,19.2,2.740475156178698,19.02,3.0135070084199107,0.02,0.1414213562373095,0.02,0.14142135623730942
789,19.28,2.740773017725815,19.1,3.0788945803217573,0.08,0.2740475156178697,0.08,0.27404751561786966
790,19.34,2.7375693076679743,19.14,3.0640109766947847,0.06,0.23989793748209529,0.04,0.1979486637221575
791,19.38,2.732196544757291,19.2,3.0705978943149543,0.04,0.1979486637221575,0.06,0.23989793748209526
792,19.42,2.763390405030069,19.22,3.0857804225716605,0.04,0.19794866372215744,0.02,0.14142135623730942
793,19.5,2.808514750191071,19.26,3.0359075568728295,0.08,0.2740475156178697,0.04,0.19794866372215747
794,19.56,2.807860686119071,19.34,3.0546718986109234,0.06,0.23989793748209529,0.08,0.2740475156178697
795,19.58,2.7854578636561866,19.42,3.0578770813912652,0.02,0.14142135623730934,0.08,0.2740475156178697
796,19.6,2.8139593719417446,19.44,3.0782979659784298,0.02,0.14142135623730942,0.02,0.14142135623730945
797,19.6,2.8139593719417446,19.46,3.0385952715835307,0.0,0.0,0.02,0.14142135623730948
798,19.66,2.8111294846719237,19.48,3.052198939673975,0.06,0.23989793748209526,0.02,0.14142135623730936
799,19.68,2.8459781862717595,19.5,3.078894580321758,0.02,0.14142135623730942,0.02,0.14142135623730945
800,19.72,2.835921187126298,19.6,3.0904725218262774,0.04,0.19794866372215741,0.1,0.30304576336566297
801,19.72,2.835921187126298,19.6,3.0904725218262774,0.0,0.0,0.0,0.0
802,19.74,2.8557853918110925,19.72,3.1496031496047223,0.02,0.14142135623730945,0.12,0.328260722659316
803,19.78,2.8592135353653343,19.8,3.1233158727250636,0.04,0.1979486637221575,0.08,0.27404751561786966
804,19.84,2.83102346820916,19.84,3.072989636514001,0.06,0.23989793748209526,0.04,0.1979486637221575
805,19.9,2.8230104064813575,19.86,3.077303351697286,0.06,0.23989793748209526,0.02,0.14142135623730942
806,19.96,2.7918248000699677,19.92,3.062878464744548,0.06,0.23989793748209529,0.06,0.2398979374820953
807,20.02,2.7883869962428687,19.96,3.063677928402331,0.06,0.23989793748209529,0.04,0.19794866372215744
808,20.02,2.7883869962428687,19.96,3.063677928402331,0.0,0.0,0.0,0.0
809,20.04,2.79912522778391,20.0,3.0639443699324596,0.02,0.1414213562373094,0.04,0.19794866372215744
810,20.1,2.7939438879439917,20.04,3.0703320301736436,0.06,0.23989793748209529,0.04,0.19794866372215747
811,20.18,2.7971559900465084,20.08,3.0894157693516053,0.08,0.27404751561786983,0.04,0.1979486637221575
812,20.2,2.7994168488950613,20.08,3.0894157693516053,0.02,0.1414213562373094,0.0,0.0
813,20.24,2.766859267126109,20.12,3.0946959232116575,0.04,0.1979486637221575,0.04,0.19794866372215747
814,20.28,2.7924095366561397,20.16,3.1451939364622947,0.04,0.19794866372215747,0.04,0.19794866372215753
815,20.38,2.7619129720731834,20.18,3.114744396103993,0.1,0.3642156795423417,0.02,0.14142135623730948
816,20.46,2.786336926753072,20.18,3.114744396103993,0.08,0.2740475156178699,0.0,0.0
817,20.48,2.8011659380059752,20.22,3.0725247213432323,0.02,0.1414213562373095,0.04,0.19794866372215744
818,20.56,2.8654165918584957,20.28,3.0642107882947656,0.08,0.2740475156178698,0.06,0.23989793748209529
819,20.62,2.8276333220701786,20.28,3.0642107882947656,0.06,0.23989793748209526,0.0,0.0
820,20.64,2.8410978044928124,20.34,3.0812798824978085,0.02,0.14142135623730945,0.06,0.23989793748209529
821,20.64,2.8410978044928124,20.4,3.0970690555255436,0.0,0.0,0.06,0.2398979374820953
822,20.68,2.8387982510569647,20.44,3.0716611207645164,0.04,0.19794866372215744,0.04,0.1979486637221575
823,20.7,2.8517806825253045,20.48,3.078828295548387,0.02,0.14142135623730948,0.04,0.19794866372215753
824,20.78,2.8876231310437275,20.48,3.078828295548387,0.08,0.2740475156178697,0.0,0.0
825,20.82,2.8691888919970374,20.5,3.0722590239437952,0.04,0.1979486637221575,0.02,0.14142135623730942
826,20.86,2.878562566452152,20.54,3.0519983416691137,0.04,0.19794866372215744,0.04,0.1979486637221575
827,20.96,2.878208059305836,20.56,3.0915289130797667,0.1,0.3030457633656632,0.02,0.14142135623730948
828,21.06,2.9025674771111993,20.62,3.083133841680294,0.1,0.3030457633656632,0.06,0.23989793748209526
829,21.1,2.858928013741358,20.64,3.095487169465662,0.04,0.1979486637221575,0.02,0.1414213562373094
830,21.12,2.8474120007545123,20.68,3.0867723053873157,0.02,0.14142135623730945,0.04,0.1979486637221575
831,21.16,2.902215902178393,20.74,3.0359075568728295,0.04,0.2828427124746187,0.06,0.23989793748209529
832,21.16,2.902215902178393,20.78,3.0458402546986703,0.0,0.0,0.04,0.1979486637221575
833,21.26,2.9610395306447392,20.82,3.05520632924942,0.1,0.30304576336566313,0.04,0.19794866372215741
834,21.26,2.9610395306447392,20.86,3.0170265129083367,0.0,0.0,0.04,0.19794866372215744
835,21.3,2.9778090836679754,20.9,3.0321407538273037,0.04,0.19794866372215744,0.04,0.1979486637221575
836,21.32,2.9791109480541884,20.92,3.0226356926715883,0.02,0.14142135623730936,0.02,0.14142135623730945
837,21.36,2.9537938247588764,20.94,3.006184102336858,0.04,0.19794866372215753,0.02,0.14142135623730945
838,21.42,2.9560729603544593,20.94,3.006184102336858,0.06,0.23989793748209529,0.0,0.0
839,21.48,2.957108350385282,20.96,3.03018824767151,0.06,0.2398979374820953,0.02,0.14142135623730945
840,21.6,2.9623487647611033,21.04,3.096805463963252,0.12,0.328260722659316,0.08,0.2740475156178697
841,21.62,2.9477767478393004,21.08,3.1157270583349916,0.02,0.14142135623730936,0.04,0.1979486637221575
842,21.68,2.909800470051203,21.1,3.0788945803217573,0.06,0.23989793748209526,0.02,0.14142135623730948
843,21.72,2.921000667230183,21.12,3.088094320226026,0.04,0.19794866372215741,0.02,0.14142135623730948
844,21.72,2.921000667230183,21.16,3.0729896365140004,0.0,0.0,0.04,0.2828427124746188
845,21.76,2.917645122564512,21.2,3.063944369932459,0.04,0.19794866372215744,0.04,0.19794866372215741
846,21.78,2.894681964131706,21.22,3.0592115831050473,0.02,0.14142135623730945,0.02,0.14142135623730936
847,21.78,2.894681964131706,21.24,3.08094870096196,0.0,0.0,0.02,0.1414213562373095
848,21.82,2.9115533409406837,21.26,3.0892175880184367,0.04,0.1979486637221575,0.02,0.14142135623730942
849,21.84,2.923235557126551,21.3,3.0656091048392766,0.02,0.14142135623730945,0.04,0.1979486637221575
850,21.9,2.8943999413364017,21.38,3.022973262690025,0.06,0.23989793748209526,0.08,0.27404751561786966
851,21.94,2.8955278677044474,21.4,3.010186786529354,0.04,0.1979486637221575,0.02,0.14142135623730942
852,22.02,2.867765965460408,21.4,3.010186786529354,0.08,0.27404751561786966,0.0,0.0
853,22.06,2.8600699292150185,21.42,2.9835603987620614,0.04,0.1979486637221575,0.02,0.14142135623730936
854,22.12,2.9112028511967907,21.46,2.963795140129131,0.06,0.23989793748209526,0.04,0.19794866372215747
855,22.2,2.9346626548820205,21.48,2.9640017075651253,0.08,0.2740475156178698,0.02,0.14142135623730945
856,22.26,2.9402901425622914,21.5,2.9364006844420665,0.06,0.23989793748209529,0.02,0.14142135623730942
857,22.26,2.9402901425622914,21.56,2.9357751123347446,0.0,0.0,0.06,0.2398979374820953
858,22.28,2.9418861088680863,21.6,2.969229955832362,0.02,0.14142135623730936,0.04,0.1979486637221575
859,22.28,2.9418861088680863,21.64,2.974449014317696,0.0,0.0,0.04,0.1979486637221575
860,22.3,2.950268061151912,21.66,3.0007482060176867,0.02,0.14142135623730942,0.02,0.14142135623730945
861,22.3,2.950268061151912,21.7,3.0321407538273033,0.0,0.0,0.04,0.1979486637221575
862,22.3,2.950268061151912,21.8,2.97609523657138,0.0,0.0,0.1,0.3030457633656631
863,22.3,2.950268061151912,21.86,3.0237832769764528,0.0,0.0,0.06,0.23989793748209529
864,22.3,2.950268061151912,21.88,2.9941439442992173,0.0,0.0,0.02,0.14142135623730942
865,22.32,2.895739304987411,21.9,2.991484513053132,0.02,0.14142135623730934,0.02,0.14142135623730945
866,22.34,2.882813251825022,21.92,2.9818498572913716,0.02,0.14142135623730936,0.02,0.14142135623730945
867,22.36,2.897993676138507,21.94,2.992575847673979,0.02,0.14142135623730936,0.02,0.1414213562373094
868,22.4,2.8428212488760574,21.96,2.989505453606476,0.04,0.1979486637221575,0.02,0.14142135623730948
869,22.46,2.8082240738551456,22.04,3.0099155863137916,0.06,0.2398979374820953,0.08,0.2740475156178699
870,22.48,2.7718703624308345,22.08,3.0091018390129336,0.02,0.1414213562373095,0.04,0.1979486637221575
871,22.52,2.786556649196939,22.12,3.0212850354288197,0.04,0.1979486637221575,0.04,0.19794866372215753
872,22.54,2.7936516955265494,22.12,3.0212850354288197,0.02,0.14142135623730945,0.0,0.0
873,22.54,2.7936516955265494,22.14,3.0102545827655893,0.0,0.0,0.02,0.1414213562373094
874,22.6,2.7553287888551306,22.16,2.9990474678280292,0.06,0.2398979374820953,0.02,0.14142135623730942
875,22.6,2.7553287888551306,22.16,2.9990474678280292,0.0,0.0,0.0,0.0
876,22.6,2.7553287888551306,22.16,2.9990474678280292,0.0,0.0,0.0,0.0
877,22.64,2.783039008431068,22.18,2.9876617025660037,0.04,0.19794866372215753,0.02,0.14142135623730945
878,22.66,2.7745931858452284,22.2,2.9897785052080508,0.02,0.14142135623730936,0.02,0.14142135623730936
879,22.66,2.7745931858452284,22.2,2.9897785052080508,0.0,0.0,0.0,0.0
880,22.68,2.7733424908273716,22.22,2.9917573840299894,0.02,0.1414213562373094,0.02,0.14142135623730942
881,22.68,2.7733424908273716,22.26,2.954139261360271,0.0,0.0,0.04,0.19794866372215744
882,22.7,2.749768079274309,22.3,2.9502680611519114,0.02,0.14142135623730948,0.04,0.19794866372215744
883,22.7,2.749768079274309,22.32,2.930765728457673,0.0,0.0,0.02,0.14142135623730942
884,22.74,2.8270558710360114,22.36,2.988139821333121,0.04,0.19794866372215753,0.04,0.19794866372215753
885,22.78,2.772238467817836,22.42,3.010796897697299,0.04,0.2828427124746188,0.06,0.23989793748209526
886,22.82,2.7751815531711124,22.42,3.010796897697299,0.04,0.19794866372215747,0.0,0.0
887,22.84,2.809313955035852,22.46,3.0786294326653647,0.02,0.14142135623730942,0.04,0.1979486637221575
888,22.86,2.835705289658275,22.48,3.0721925960035077,0.02,0.14142135623730942,0.02,0.14142135623730942
889,22.88,2.8402356901338663,22.52,3.0854497241083023,0.02,0.14142135623730936,0.04,0.19794866372215747
890,22.9,2.808514750191071,22.52,3.0854497241083023,0.02,0.1414213562373094,0.0,0.0
891,22.92,2.8127987369689076,22.52,3.0854497241083023,0.02,0.14142135623730936,0.0,0.0
892,22.92,2.8127987369689076,22.58,3.06454377867711,0.0,0.0,0.06,0.23989793748209526
893,22.96,2.7845052321292387,22.6,3.129843185743807,0.04,0.1979486637221575,0.02,0.14142135623730934
894,23.0,2.821202522590214,22.66,3.0479836091476367,0.04,0.19794866372215741,0.06,0.23989793748209529
895,23.02,2.8102581768243584,22.66,3.0479836091476367,0.02,0.14142135623730934,0.0,0.0
896,23.04,2.835345424012635,22.7,3.01864951558792,0.02,0.14142135623730948,0.04,0.19794866372215753
897,23.04,2.835345424012635,22.72,3.0239857466460314,0.0,0.0,0.02,0.14142135623730945
898,23.08,2.848845093603186,22.76,3.0139810272549927,0.04,0.19794866372215744,0.04,0.1979486637221575
899,23.12,2.868833226528278,22.8,3.023715784073818,0.04,0.1979486637221575,0.04,0.1979486637221575
900,23.12,2.868833226528278,22.8,3.023715784073818,0.0,0.0,0.0,0.0
901,23.14,2.835705289658275,22.8,3.023715784073818,0.02,0.1414213562373095,0.0,0.0
902,23.16,2.816569051965493,22.82,3.0418173944575453,0.02,0.1414213562373094,0.02,0.1414213562373094
903,23.18,2.8261894732617474,22.84,3.046309242345563,0.02,0.14142135623730948,0.02,0.14142135623730942
904,23.18,2.8261894732617474,22.84,3.046309242345563,0.0,0.0,0.0,0.0
905,23.2,2.8428212488760574,22.86,3.057343117606448,0.02,0.14142135623730948,0.02,0.14142135623730948
906,23.22,2.8449023511809863,22.88,3.054872321056836,0.02,0.14142135623730945,0.02,0.14142135623730945
907,23.26,2.7980313779221158,22.9,3.065609104839276,0.04,0.19794866372215744,0.02,0.14142135623730942
908,23.26,2.7980313779221158,22.92,3.0226356926715874,0.0,0.0,0.02,0.14142135623730934
909,23.26,2.7980313779221158,22.92,3.0226356926715874,0.0,0.0,0.0,0.0
910,23.26,2.7980313779221158,22.92,3.0226356926715874,0.0,0.0,0.0,0.0
911,23.26,2.7980313779221158,22.92,3.0226356926715874,0.0,0.0,0.0,0.0
912,23.26,2.7980313779221158,22.94,2.9925758476739794,0.0,0.0,0.02,0.14142135623730942
913,23.3,2.8012387930182254,22.96,2.9963242787911777,0.04,0.1979486637221575,0.02,0.14142135623730945
914,23.32,2.8026226784123147,22.98,3.0135070084199103,0.02,0.14142135623730942,0.02,0.14142135623730936
915,23.34,2.8183799080539957,23.0,2.9760952365713798,0.02,0.1414213562373095,0.02,0.14142135623730948
916,23.34,2.8183799080539957,23.02,2.9794534494002183,0.0,0.0,0.02,0.14142135623730936
917,23.36,2.8194658634397487,23.02,2.9794534494002183,0.02,0.1414213562373094,0.0,0.0
918,23.36,2.8194658634397487,23.04,2.9620731846158717,0.0,0.0,0.02,0.14142135623730942
919,23.36,2.8194658634397487,23.04,2.9620731846158717,0.0,0.0,0.0,0.0
920,23.36,2.8194658634397487,23.08,2.995506839332837,0.0,0.0,0.04,0.1979486637221575
921,23.38,2.8348415353617638,23.14,2.9966648127543403,0.02,0.14142135623730945,0.06,0.23989793748209529
922,23.42,2.8000728853487558,23.2,3.05059378629466,0.04,0.1979486637221575,0.06,0.23989793748209529
923,23.44,2.778635695180391,23.22,3.0256724669982087,0.02,0.14142135623730942,0.02,0.14142135623730936
924,23.44,2.778635695180391,23.22,3.0256724669982087,0.0,0.0,0.0,0.0
925,23.46,2.7790029044348152,23.24,2.9935986125499894,0.02,0.14142135623730942,0.02,0.14142135623730948
926,23.48,2.7865566491969394,23.26,3.002108102854474,0.02,0.14142135623730936,0.02,0.1414213562373094
927,23.52,2.851709118749523,23.26,3.002108102854474,0.04,0.19794866372215753,0.0,0.0
928,23.58,2.8506354465240893,23.26,3.002108102854474,0.06,0.23989793748209529,0.0,0.0
929,23.58,2.8506354465240893,23.28,2.969504871804971,0.0,0.0,0.02,0.14142135623730948
930,23.62,2.9129548782033985,23.28,2.969504871804971,0.04,0.19794866372215753,0.0,0.0
931,23.64,2.9190437349465346,23.28,2.969504871804971,0.02,0.1414213562373094,0.0,0.0
932,23.66,2.9389016412841813,23.32,2.9446596421595586,0.02,0.1414213562373095,0.04,0.19794866372215747
933,23.68,2.930765728457674,23.32,2.9446596421595586,0.02,0.14142135623730948,0.0,0.0
934,23.7,2.901442287369986,23.36,2.9399430787215004,0.02,0.14142135623730936,0.04,0.19794866372215744
935,23.7,2.901442287369986,23.36,2.9399430787215004,0.0,0.0,0.0,0.0
936,23.7,2.901442287369986,23.36,2.9399430787215004,0.0,0.0,0.0,0.0
937,23.74,2.8771442757834493,23.38,2.919952473753571,0.04,0.1979486637221575,0.02,0.14142135623730942
938,23.74,2.8771442757834493,23.38,2.919952473753571,0.0,0.0,0.0,0.0
939,23.74,2.8771442757834493,23.4,2.8784916685156987,0.0,0.0,0.02,0.14142135623730934
940,23.74,2.8771442757834493,23.4,2.8784916685156987,0.0,0.0,0.0,0.0
941,23.74,2.8771442757834493,23.4,2.8784916685156987,0.0,0.0,0.0,0.0
942,23.74,2.8771442757834493,23.4,2.8784916685156987,0.0,0.0,0.0,0.0
943,23.74,2.8771442757834493,23.42,2.872032630136962,0.0,0.0,0.02,0.14142135623730948
944,23.74,2.8771442757834493,23.46,2.8586424635994394,0.0,0.0,0.04,0.1979486637221575
945,23.76,2.8539982695245243,23.46,2.8586424635994394,0.02,0.1414213562373094,0.0,0.0
946,23.76,2.8539982695245243,23.48,2.851709118749523,0.0,0.0,0.02,0.1414213562373094
947,23.76,2.8539982695245243,23.48,2.851709118749523,0.0,0.0,0.0,0.0
948,23.8,2.8284271247461903,23.5,2.866057521105554,0.04,0.19794866372215744,0.02,0.14142135623730945
949,23.82,2.8405949362478164,23.54,2.894117891058852,0.02,0.14142135623730948,0.04,0.19794866372215744
950,23.82,2.8405949362478164,23.54,2.894117891058852,0.0,0.0,0.0,0.0
951,23.86,2.835705289658275,23.56,2.8796258260335112,0.04,0.19794866372215747,0.02,0.14142135623730934
952,23.86,2.835705289658275,23.6,2.9277002188456005,0.0,0.0,0.04,0.1979486637221575
953,23.88,2.8330412014264086,23.6,2.9277002188456005,0.02,0.14142135623730948,0.0,0.0
954,23.9,2.8230104064813575,23.62,2.9199524737535705,0.02,0.1414213562373094,0.02,0.14142135623730942
955,23.9,2.8230104064813575,23.62,2.9199524737535705,0.0,0.0,0.0,0.0
956,23.9,2.8230104064813575,23.64,2.905027310279438,0.0,0.0,0.02,0.14142135623730942
957,23.92,2.834481560053922,23.64,2.905027310279438,0.02,0.14142135623730948,0.0,0.0
958,23.92,2.834481560053922,23.64,2.905027310279438,0.0,0.0,0.0,0.0
959,23.92,2.834481560053922,23.64,2.905027310279438,0.0,0.0,0.0,0.0
960,23.94,2.8241668448140493,23.64,2.905027310279438,0.02,0.14142135623730934,0.0,0.0
961,23.96,2.8064066646419836,23.66,2.903973351201728,0.02,0.1414213562373094,0.02,0.14142135623730948
962,24.0,2.8499910490371434,23.66,2.903973351201728,0.04,0.19794866372215747,0.0,0.0
963,24.0,2.8499910490371434,23.66,2.903973351201728,0.0,0.0,0.0,0.0
964,24.04,2.85685712857,23.68,2.881609527570964,0.04,0.19794866372215744,0.02,0.14142135623730936
965,24.04,2.85685712857,23.68,2.881609527570964,0.0,0.0,0.0,0.0
966,24.04,2.85685712857,23.68,2.881609527570964,0.0,0.0,0.0,0.0
967,24.04,2.85685712857,23.68,2.881609527570964,0.0,0.0,0.0,0.0
968,24.08,2.8631365703382308,23.68,2.881609527570964,0.04,0.1979486637221575,0.0,0.0
969,24.12,2.9041841736166996,23.68,2.881609527570964,0.04,0.19794866372215744,0.0,0.0
970,24.16,2.9092393283103672,23.72,2.8716773168733436,0.04,0.1979486637221575,0.04,0.1979486637221575
971,24.18,2.9045355103031962,23.72,2.8716773168733436,0.02,0.14142135623730934,0.0,0.0
972,24.18,2.9045355103031962,23.74,2.841456941609429,0.0,0.0,0.02,0.14142135623730942
973,24.18,2.9045355103031962,23.76,2.825250575847482,0.0,0.0,0.02,0.14142135623730936
974,24.18,2.9045355103031962,23.78,2.8377196939134937,0.0,0.0,0.02,0.14142135623730942
975,24.18,2.9045355103031962,23.78,2.8377196939134937,0.0,0.0,0.0,0.0
976,24.2,2.93466265488202,23.78,2.8377196939134937,0.02,0.14142135623730942,0.0,0.0
977,24.22,2.908748240486037,23.8,2.8428212488760574,0.02,0.1414213562373095,0.02,0.14142135623730942
978,24.22,2.908748240486037,23.8,2.8428212488760574,0.0,0.0,0.0,0.0
979,24.22,2.908748240486037,23.82,2.8405949362478164,0.0,0.0,0.02,0.1414213562373094
980,24.22,2.908748240486037,23.84,2.8093139550358526,0.0,0.0,0.02,0.14142135623730948
981,24.24,2.9036219464942854,23.84,2.8093139550358526,0.02,0.1414213562373094,0.0,0.0
982,24.24,2.9036219464942854,23.86,2.8140318957332533,0.0,0.0,0.02,0.14142135623730948
983,24.24,2.9036219464942854,23.9,2.8302303937369926,0.0,0.0,0.04,0.1979486637221575
984,24.26,2.8842287548327508,23.9,2.8302303937369926,0.02,0.14142135623730948,0.0,0.0
985,24.26,2.8842287548327508,23.9,2.8302303937369926,0.0,0.0,0.0,0.0
986,24.3,2.858928013741358,23.9,2.8302303937369926,0.04,0.1979486637221575,0.0,0.0
987,24.3,2.858928013741358,23.9,2.8302303937369926,0.0,0.0,0.0,0.0
988,24.3,2.858928013741358,23.9,2.8302303937369926,0.0,0.0,0.0,0.0
989,24.3,2.858928013741358,23.9,2.8302303937369926,0.0,0.0,0.0,0.0
990,24.3,2.858928013741358,23.92,2.8127987369689067,0.0,0.0,0.02,0.14142135623730942
991,24.32,2.8602839876131037,23.92,2.8127987369689067,0.02,0.14142135623730942,0.0,0.0
992,24.32,2.8602839876131037,23.94,2.7878014159358413,0.0,0.0,0.02,0.14142135623730942
993,24.32,2.8602839876131037,23.98,2.75895573264485,0.0,0.0,0.04,0.19794866372215747
994,24.34,2.8828132518250222,23.98,2.75895573264485,0.02,0.1414213562373095,0.0,0.0
995,24.36,2.855428056834054,23.98,2.75895573264485,0.02,0.14142135623730942,0.0,0.0
996,24.38,2.8563570347917078,23.98,2.75895573264485,0.02,0.14142135623730942,0.0,0.0
997,24.38,2.8563570347917078,23.98,2.75895573264485,0.0,0.0,0.0,0.0
998,24.4,2.871393034605969,23.98,2.75895573264485,0.02,0.14142135623730945,0.0,0.0
999,24.4,2.871393034605969,23.98,2.75895573264485,0.0,0.0,0.0,0.0
